omega,V
0.0,0
0.24612306153076538,-4874.20479953937
0.49224612306153076,-19496.7899236468
0.7383691845922962,-43867.6675487906
0.9844922461230615,-77986.6913024174
1.2306153076538269,-121853.656262953
1.4767383691845923,-175468.298959801
1.7228614307153576,-238830.297373346
1.968984492246123,-311939.270934949
2.2151075537768885,-394794.780526951
2.4612306153076537,-487396.328482670
2.707353676838419,-589743.358586406
2.9534767383691847,-701835.256073434
3.19959979989995,-823671.347630011
3.445722861430715,-955250.901393371
3.691845922961481,-1096573.12695173
3.937968984492246,-1247637.17534427
4.184092046023012,-1408442.13906117
4.430215107553777,-1578987.05204358
4.676338169084542,-1759270.88968363
4.9224612306153075,-1949292.56882441
5.168584292146073,-2149050.94776003
5.414707353676838,-2358544.82623554
5.660830415207604,-2577772.94544698
5.906953476738369,-2806733.98804139
6.153076538269135,-3045426.57811674
6.3991995997999,-3293849.28122204
6.645322661330665,-3552000.60435723
6.89144572286143,-3819878.99597326
7.137568784392196,-4097482.84597203
7.383691845922962,-4384810.48570644
7.629814907453727,-4681860.18798037
7.875937968984492,-4988630.16704866
8.122061030515258,-5305118.57861716
8.368184092046024,-5631323.51984265
8.614307153576789,-5967243.02933295
8.860430215107554,-6312875.08714680
9.10655327663832,-6668217.61479396
9.352676338169085,-7033268.47523515
9.59879939969985,-7408025.47288208
9.844922461230615,-7792486.35359742
10.09104552276138,-8186648.80469484
10.337168584292145,-8590510.45493897
10.58329164582291,-9004068.87454544
10.829414707353676,-9427321.57518084
11.075537768884443,-9860266.00996275
11.321660830415208,-10302899.5734597
11.567783891945973,-10755219.6016913
11.813906953476739,-11217223.3721279
12.060030015007504,-11688908.1036912
12.30615307653827,-12170270.9567535
12.552276138069034,-12661309.0331383
12.7983991995998,-13162019.3761201
13.044522261130565,-13672398.9704242
13.29064532266133,-14192444.7422271
13.536768384192095,-14722153.5591560
13.78289144572286,-15261522.2302894
14.029014507253626,-15810547.5061565
14.275137568784393,-16369226.0787377
14.521260630315158,-16937554.5814642
14.767383691845923,-17515529.5892183
15.013506753376689,-18103147.6183332
15.259629814907454,-18700405.1265932
15.505752876438219,-19307298.5132334
15.751875937968984,-19923824.1189400
15.99799899949975,-20549978.2258501
16.244122061030517,-21185757.0575519
16.49024512256128,-21831156.7790846
16.736368184092047,-22486173.4969381
16.98249124562281,-23150803.2590535
17.228614307153578,-23825042.0548229
17.47473736868434,-24508885.8150893
17.720860430215108,-25202330.4121468
17.96698349174587,-25905371.6597402
18.21310655327664,-26618005.3130656
18.459229614807402,-27340227.0687699
18.70535267633817,-28072032.5649509
18.951475737868936,-28813417.3811577
19.1975987993997,-29564377.0383901
19.443721860930467,-30324906.9990988
19.68984492246123,-31095002.6671859
19.935967983991997,-31874659.3880040
20.18209104552276,-32663872.4483569
20.428214107053527,-33462637.0764995
20.67433716858429,-34270948.4421375
20.920460230115058,-35088801.6564276
21.16658329164582,-35916191.7719774
21.41270635317659,-36753113.7828458
21.658829414707352,-37599562.6245423
21.90495247623812,-38455533.1740275
22.151075537768886,-39321020.2497132
22.39719859929965,-40196018.6114619
22.643321660830416,-41080522.9605872
22.88944472236118,-41974527.9398536
23.135567783891947,-42878028.1334767
23.38169084542271,-43791018.0671229
23.627813906953477,-44713492.2079099
23.87393696848424,-45645444.9644059
24.120060030015008,-46586870.6866306
24.36618309154577,-47537763.6660543
24.61230615307654,-48498118.1355985
24.858429214607302,-49467928.2696354
25.10455227613807,-50447188.1839885
25.350675337668836,-51435891.9359322
25.5967983991996,-52434033.5241916
25.842921460730366,-53441606.8889433
26.08904452226113,-54458605.9118143
26.335167583791897,-55485024.4158830
26.58129064532266,-56520856.1656787
26.827413706853427,-57566094.8671814
27.07353676838419,-58620734.1678225
27.319659829914958,-59684767.6564841
27.56578289144572,-60758188.8634994
27.81190595297649,-61840991.2606524
28.05802901450725,-62933168.2611783
28.30415207603802,-64034713.2197632
28.550275137568786,-65145619.4325441
28.79639819909955,-66265880.1371092
29.042521260630316,-67395488.5124973
29.28864432216108,-68534437.6791986
29.534767383691847,-69682720.6991539
29.78089044522261,-70840330.5757553
30.027013506753377,-72007260.2538457
30.27313656828414,-73183502.6197190
30.519259629814908,-74369050.5011202
30.76538269134567,-75563896.6672450
31.011505752876438,-76768033.8287403
31.2576288144072,-77981454.6377040
31.50375187593797,-79204151.6876850
31.749874937468736,-80436117.5136829
31.9959979989995,-81677344.5921485
32.242121060530266,-82927825.3409836
32.48824412206103,-84187552.1195409
32.73436718359179,-85456517.2286242
32.98049024512256,-86734712.9104881
33.22661330665333,-88022131.3488382
33.472736368184094,-89318764.6688312
33.718859429714854,-90624604.9370748
33.96498249124562,-91939644.1616275
34.21110555277639,-93263874.2919989
34.457228614307155,-94597287.2191496
34.70335167583792,-95939874.7754911
34.94947473736868,-97291628.7348859
35.19559779889945,-98652540.8126475
35.441720860430216,-100022602.665540
35.68784392196098,-101401805.891780
35.93396698349174,-102790142.031033
36.18009004502251,-104187602.564416
36.42621310655328,-105594178.914498
36.672336168084044,-107009862.445299
36.918459229614804,-108434644.462288
37.16458229114557,-109868516.212387
37.41070535267634,-111311468.883969
37.656828414207105,-112763493.606856
37.90295147573787,-114224581.452323
38.14907453726863,-115694723.433095
38.3951975987994,-117173910.503348
38.641320660330166,-118662133.558710
38.88744372186093,-120159383.436258
39.13356678339169,-121665650.914522
39.37968984492246,-123180926.713482
39.62581290645323,-124705201.494570
39.871935967983994,-126238465.860666
40.118059029514754,-127780710.356104
40.36418209104552,-129331925.466669
40.61030515257629,-130892101.619595
40.856428214107055,-132461229.183568
41.10255127563782,-134039298.468726
41.34867433716858,-135626299.726655
41.59479739869935,-137222223.150396
41.840920460230116,-138827058.874438
42.08704352176088,-140440796.974722
42.33316658329164,-142063427.468640
42.57928964482241,-143694940.315034
42.82541270635318,-145335325.414199
43.071535767883944,-146984572.607880
43.317658829414704,-148642671.679271
43.56378189094547,-150309612.353021
43.80990495247624,-151985384.295226
44.056028014007005,-153669977.113435
44.30215107553777,-155363380.356649
44.54827413706853,-157065583.515317
44.7943971985993,-158776576.021342
45.040520260130066,-160496347.248076
45.28664332166083,-162224886.510322
45.53276638319159,-163962183.064336
45.77888944472236,-165708226.107823
46.02501250625313,-167463004.779939
46.271135567783894,-169226508.161293
46.517258629314654,-170998725.273941
46.76338169084542,-172779645.081395
47.00950475237619,-174569256.488614
47.255627813906955,-176367548.342010
47.50175087543772,-178174509.429446
47.74787393696848,-179990128.480234
47.99399699849925,-181814394.165139
48.240120060030016,-183647295.096377
48.48624312156078,-185488819.827614
48.73236618309154,-187338956.853966
48.97848924462231,-189197694.612004
49.22461230615308,-191065021.479745
49.470735367683844,-192940925.776660
49.716858429214604,-194825395.763670
49.96298149074537,-196718419.643148
50.20910455227614,-198619985.558917
50.455227613806905,-200530081.596250
50.70135067533767,-202448695.781873
50.94747373686843,-204375816.083963
51.1935967983992,-206311430.412145
51.439719859929966,-208255526.617500
51.68584292146073,-210208092.492554
51.93196598299149,-212169115.771289
52.17808904452226,-214138584.129135
52.42421210605303,-216116485.182975
52.670335167583794,-218102806.491141
52.91645822911455,-220097535.553418
53.16258129064532,-222100659.811040
53.40870435217609,-224112166.646694
53.654827413706855,-226132043.384515
53.90095047523762,-228160277.290093
54.14707353676838,-230196855.570466
54.39319659829915,-232241765.374123
54.639319659829916,-234294993.791006
54.88544272136068,-236356527.852506
55.13156578289144,-238426354.531467
55.37768884442221,-240504460.742181
55.62381190595298,-242590833.340394
55.86993496748374,-244685459.123301
56.1160580290145,-246788324.829549
56.36218109054527,-248899417.139236
56.60830415207604,-251018722.673911
56.854427213606805,-253146227.996572
57.10055027513757,-255281919.611670
57.34667333666833,-257425783.965108
57.5927963981991,-259577807.444238
57.838919459729865,-261737976.377862
58.08504252126063,-263906277.036237
58.33116558279139,-266082695.631067
58.57728864432216,-268267218.315508
58.823411705852926,-270459831.184168
59.06953476738369,-272660520.273107
59.31565782891445,-274869271.559832
59.56178089044522,-277086070.963304
59.80790395197599,-279310904.343935
60.054027013506754,-281543757.503588
60.30015007503752,-283784616.185575
60.54627313656828,-286033466.074660
60.79239619809905,-288290292.797059
61.038519259629815,-290555081.920439
61.28464232116058,-292827818.953916
61.53076538269134,-295108489.348059
61.77688844422211,-297397078.494887
62.023011505752876,-299693571.727870
62.26913456728364,-301997954.321930
62.5152576288144,-304310211.493437
62.76138069034517,-306630328.400216
63.00750375187594,-308958290.141541
63.253626813406704,-311294081.758136
63.49974987493747,-313637688.232179
63.74587293646823,-315989094.487294
63.991995997999,-318348285.388562
64.23811905952977,-320715245.742510
64.48424212106053,-323089960.297119
64.7303651825913,-325472413.741820
64.97648824412207,-327862590.707494
65.22261130565282,-330260475.766475
65.46873436718359,-332666053.432546
65.71485742871435,-335079308.160942
65.96098049024512,-337500224.348349
66.20710355177589,-339928786.332904
66.45322661330665,-342364978.394195
66.69934967483742,-344808784.753260
66.94547273636819,-347260189.572589
67.19159579789896,-349719176.956123
67.43771885942971,-352185730.949254
67.68384192096048,-354659835.538824
67.92996498249124,-357141474.653127
68.17608804402201,-359630632.161907
68.42221110555278,-362127291.876361
68.66833416708354,-364631437.549135
68.91445722861431,-367143052.874326
69.16058029014508,-369662121.487483
69.40670335167584,-372188626.965605
69.6528264132066,-374722552.827144
69.89894947473736,-377263882.532000
70.14507253626813,-379812599.481526
70.3911955977989,-382368687.018525
70.63731865932967,-384932128.427253
70.88344172086043,-387502906.933413
71.1295647823912,-390081005.704163
71.37568784392197,-392666407.848111
71.62181090545272,-395259096.415313
71.86793396698349,-397859054.397281
72.11405702851425,-400466264.726973
72.36018009004502,-403080710.278802
72.60630315157579,-405702373.868629
72.85242621310655,-408331238.253768
73.09854927463732,-410967286.132984
73.34467233616809,-413610500.146490
73.59079539769886,-416260862.875954
73.83691845922961,-418918356.844492
74.08304152076037,-421582964.516673
74.32916458229114,-424254668.298516
74.57528764382191,-426933450.537490
74.82141070535268,-429619293.522518
75.06753376688344,-432312179.483971
75.31365682841421,-435012090.593672
75.55977988994498,-437719008.964895
75.80590295147574,-440432916.652364
76.0520260130065,-443153795.652257
76.29814907453726,-445881627.902200
76.54427213606803,-448616395.281271
76.7903951975988,-451358079.609998
77.03651825912956,-454106662.650362
77.28264132066033,-456862126.105794
77.5287643821911,-459624451.621175
77.77488744372187,-462393620.782838
78.02101050525262,-465169615.118567
78.26713356678339,-467952416.097597
78.51325662831415,-470742005.130614
78.75937968984492,-473538363.569753
79.00550275137569,-476341472.708604
79.25162581290645,-479151313.782204
79.49774887443722,-481967867.967043
79.74387193596799,-484791116.381062
79.98999499749875,-487621040.083653
80.23611805902951,-490457620.075658
80.48224112056027,-493300837.299371
80.72836418209104,-496150672.638536
80.97448724362181,-499007106.918349
81.22061030515258,-501870120.905456
81.46673336668334,-504739695.307955
81.71285642821411,-507615810.775395
81.95897948974488,-510498447.898774
82.20510255127564,-513387587.210543
82.4512256128064,-516283209.184604
82.69734867433716,-519185294.236309
82.94347173586793,-522093822.722462
83.1895947973987,-525008774.941316
83.43571785892946,-527930131.132577
83.68184092046023,-530857871.477402
83.927963981991,-533791976.098397
84.17408704352177,-536732425.059622
84.42021010505252,-539679198.366584
84.66633316658329,-542632275.966245
84.91245622811405,-545591637.747015
85.15857928964482,-548557263.538757
85.40470235117559,-551529133.112784
85.65082541270635,-554507226.181860
85.89694847423712,-557491522.400201
86.14307153576789,-560482001.363471
86.38919459729865,-563478642.608789
86.63531765882941,-566481425.614722
86.88144072036017,-569490329.801290
87.12756378189094,-572505334.529962
87.37368684342171,-575526419.103659
87.61980990495248,-578553562.766754
87.86593296648324,-581586744.705069
88.11205602801401,-584625944.045879
88.35817908954478,-587671139.857907
88.60430215107554,-590722311.151331
88.8504252126063,-593779436.877776
89.09654827413706,-596842495.930322
89.34267133566783,-599911467.143495
89.5887943971986,-602986329.293277
89.83491745872936,-606067061.097099
90.08104052026013,-609153641.213841
90.3271635817909,-612246048.243836
90.57328664332167,-615344260.728869
90.81940970485242,-618448257.152174
91.06553276638319,-621558015.938437
91.31165582791395,-624673515.453794
91.55777888944472,-627794734.005833
91.80390195097549,-630921649.843592
92.05002501250625,-634054241.157562
92.29614807403702,-637192486.079682
92.54227113556779,-640336362.683344
92.78839419709855,-643485848.983392
93.03451725862931,-646640922.936117
93.28064032016007,-649801562.439265
93.52676338169084,-652967745.332031
93.77288644322161,-656139449.395062
94.01900950475238,-659316652.350455
94.26513256628314,-662499331.861759
94.51125562781391,-665687465.533972
94.75737868934468,-668881030.913545
95.00350175087544,-672080005.488380
95.2496248124062,-675284366.687829
95.49574787393696,-678494091.882694
95.74187093546773,-681709158.385231
95.9879939969985,-684929543.449145
96.23411705852926,-688155224.269591
96.48024012006003,-691386177.983178
96.7263631815908,-694622381.667962
96.97248624312157,-697863812.343454
97.21860930465232,-701110446.970613
97.46473236618309,-704362262.451851
97.71085542771385,-707619235.631029
97.95697848924462,-710881343.293462
98.20310155077539,-714148562.165912
98.44922461230615,-717420868.916595
98.69534767383692,-720698240.155176
98.94147073536769,-723980652.432774
99.18759379689845,-727268082.241955
99.43371685842921,-730560506.016739
99.67983991995997,-733857900.132596
99.92596298149074,-737160240.906446
100.17208604302151,-740467504.596662
100.41820910455228,-743779667.403067
100.66433216608304,-747096705.466933
100.91045522761381,-750418594.870986
101.15657828914458,-753745311.639402
101.40270135067534,-757076831.737808
101.6488244122061,-760413131.073280
101.89494747373686,-763754185.494349
102.14107053526763,-767099970.790994
102.3871935967984,-770450462.694645
102.63331665832916,-773805636.878184
102.87943971985993,-777165468.955944
103.1255627813907,-780529934.483708
103.37168584292147,-783899008.958711
103.61780890445222,-787272667.819639
103.86393196598299,-790650886.446628
104.11005502751375,-794033640.161266
104.35617808904452,-797420904.226590
104.60230115057529,-800812653.847092
104.84842421210605,-804208864.168711
105.09454727363682,-807609510.278838
105.34067033516759,-811014567.206316
105.58679339669835,-814424009.921439
105.8329164582291,-817837813.335950
106.07903951975987,-821255952.303047
106.32516258129064,-824678401.617373
106.57128564282141,-828105136.015028
106.81740870435218,-831536130.173558
107.06353176588294,-834971358.711964
107.30965482741371,-838410796.190696
107.55577788894448,-841854417.111655
107.80190095047524,-845302195.918194
108.048024012006,-848754106.995114
108.29414707353676,-852210124.668672
108.54027013506753,-855670223.206571
108.7863931965983,-859134376.817968
109.03251625812906,-862602559.653470
109.27863931965983,-866074745.805135
109.5247623811906,-869550909.306473
109.77088544272137,-873031024.132442
110.01700850425212,-876515064.199455
110.26313156578288,-880003003.365373
110.50925462731365,-883494815.429510
110.75537768884442,-886990474.132629
111.00150075037519,-890489953.156945
111.24762381190595,-893993226.126124
111.49374687343672,-897500266.605284
111.73986993496749,-901011048.100991
111.98599299649825,-904525544.061265
112.232116058029,-908043727.875575
112.47823911955977,-911565572.874843
112.72436218109054,-915091052.331441
112.97048524262131,-918620139.459190
113.21660830415207,-922152807.413365
113.46273136568284,-925689029.290691
113.70885442721361,-929228778.129343
113.95497748874438,-932772026.908948
114.20110055027514,-936318748.550583
114.4472236118059,-939868915.916778
114.69334667333666,-943422501.811511
114.93946973486743,-946979478.980214
115.1855927963982,-950539820.109768
115.43171585792896,-954103497.828506
115.67783891945973,-957670484.706211
115.9239619809905,-961240753.254117
116.17008504252126,-964814275.924911
116.41620810405202,-968391025.112728
116.66233116558278,-971970973.153156
116.90845422711355,-975554092.323234
117.15457728864432,-979140354.841452
117.40070035017509,-982729732.867748
117.64682341170585,-986322198.503515
117.89294647323662,-989917723.791595
118.13906953476739,-993516280.716282
118.38519259629815,-997117841.203319
118.6313156578289,-1000722377.11990
118.87743871935967,-1004329860.27468
119.12356178089044,-1007940262.41774
119.36968484242121,-1011553555.24065
119.61580790395197,-1015169710.37639
119.86193096548274,-1018788699.39941
120.10805402701351,-1022410493.82563
120.35417708854428,-1026035065.11239
120.60030015007504,-1029662384.65848
120.8464232116058,-1033292423.80418
121.09254627313656,-1036925153.83118
121.33866933466733,-1040560545.96264
121.5847923961981,-1044198571.36316
121.83091545772886,-1047839201.13881
122.07703851925963,-1051482406.33709
122.3231615807904,-1055128157.94697
122.56928464232116,-1058776426.89884
122.81540770385192,-1062427184.06459
123.06153076538268,-1066080400.25751
123.30765382691345,-1069736046.23237
123.55377688844422,-1073394092.68540
123.79989994997499,-1077054510.25424
124.04602301150575,-1080717269.51803
124.29214607303652,-1084382340.99732
124.53826913456729,-1088049695.15414
124.78439219609805,-1091719302.39195
125.0305152576288,-1095391133.05568
125.27663831915957,-1099065157.43171
125.52276138069034,-1102741345.74784
125.76888444222111,-1106419668.17336
126.01500750375187,-1110100094.81898
126.26113056528264,-1113782595.73690
126.50725362681341,-1117467140.92072
126.75337668834418,-1121153700.30554
126.99949974987494,-1124842243.76787
127.2456228114057,-1128532741.12570
127.49174587293646,-1132225162.13846
127.73786893446723,-1135919476.50703
127.983991995998,-1139615653.87374
128.23011505752876,-1143313663.82237
128.47623811905953,-1147013475.87817
128.7223611805903,-1150715059.50781
128.96848424212106,-1154418384.11944
129.21460730365183,-1158123419.06263
129.4607303651826,-1161830133.62843
129.70685342671337,-1165538497.04933
129.95297648824413,-1169248478.49926
130.1990995497749,-1172960047.09363
130.44522261130564,-1176673171.88926
130.6913456728364,-1180387821.88446
130.93746873436717,-1184103966.01897
131.18359179589794,-1187821573.17398
131.4297148574287,-1191540612.17214
131.67583791895947,-1195261051.77754
131.92196098049024,-1198982860.69575
132.168084042021,-1202706007.57374
132.41420710355177,-1206430460.99998
132.66033016508254,-1210156189.50437
132.9064532266133,-1213883161.55825
133.15257628814408,-1217611345.57444
133.39869934967484,-1221340709.90717
133.6448224112056,-1225071222.85217
133.89094547273638,-1228802852.64658
134.13706853426714,-1232535567.46902
134.3831915957979,-1236269335.43953
134.62931465732865,-1240004124.61964
134.87543771885942,-1243739903.01229
135.12156078039018,-1247476638.56191
135.36768384192095,-1251214299.15434
135.61380690345172,-1254952852.61691
135.85992996498248,-1258692266.71838
136.10605302651325,-1262432509.16896
136.35217608804402,-1266173547.62032
136.59829914957479,-1269915349.66558
136.84442221110555,-1273657882.83929
137.09054527263632,-1277401114.61750
137.3366683341671,-1281145012.41765
137.58279139569785,-1284889543.59867
137.82891445722862,-1288634675.46094
138.0750375187594,-1292380375.24628
138.32116058029015,-1296126610.13796
138.56728364182092,-1299873347.26070
138.8134067033517,-1303620553.68068
139.05952976488243,-1307368196.40552
139.3056528264132,-1311116242.38432
139.55177588794396,-1314864658.50758
139.79789894947473,-1318613411.60730
140.0440220110055,-1322362468.45690
140.29014507253626,-1326111795.77126
140.53626813406703,-1329861360.20672
140.7823911955978,-1333611128.36107
141.02851425712856,-1337361066.77352
141.27463731865933,-1341111141.92478
141.5207603801901,-1344861320.23697
141.76688344172086,-1348611568.07368
142.01300650325163,-1352361851.73995
142.2591295647824,-1356112137.48228
142.50525262631317,-1359862391.48860
142.75137568784393,-1363612579.88830
142.9974987493747,-1367362668.75222
143.24362181090544,-1371112624.09266
143.4897448724362,-1374862411.86336
143.73586793396697,-1378611997.95952
143.98199099549774,-1382361348.21778
144.2281140570285,-1386110428.41624
144.47423711855927,-1389859204.27445
144.72036018009004,-1393607641.45341
144.9664832416208,-1397355705.55557
145.21260630315157,-1401103362.12482
145.45872936468234,-1404850576.64652
145.7048524262131,-1408597314.54747
145.95097548774388,-1412343541.19594
146.19709854927464,-1416089221.90161
146.4432216108054,-1419834321.91565
146.68934467233618,-1423578806.43067
146.93546773386694,-1427322640.58071
147.1815907953977,-1431065789.44130
147.42771385692845,-1434808218.02939
147.67383691845922,-1438549891.30340
147.91995997998998,-1442290774.16317
148.16608304152075,-1446030831.45003
148.41220610305152,-1449770027.94675
148.65832916458228,-1453508328.37752
148.90445222611305,-1457245697.40803
149.15057528764382,-1460982099.64538
149.39669834917459,-1464717499.63815
149.64282141070535,-1468451861.87635
149.88894447223612,-1472185150.79146
150.1350675337669,-1475917330.75639
150.38119059529765,-1479648366.08551
150.62731365682842,-1483378221.03465
150.8734367183592,-1487106859.80108
151.11955977988995,-1490834246.52353
151.36568284142072,-1494560345.28217
151.6118059029515,-1498285120.09862
151.85792896448223,-1502008534.93597
152.104052026013,-1505730553.69875
152.35017508754376,-1509451140.23292
152.59629814907453,-1513170258.32593
152.8424212106053,-1516887871.70665
153.08854427213606,-1520603944.04542
153.33466733366683,-1524318438.95402
153.5807903951976,-1528031319.98569
153.82691345672836,-1531742550.63510
154.07303651825913,-1535452094.33840
154.3191595797899,-1539159914.47317
154.56528264132066,-1542865974.35845
154.81140570285143,-1546570237.25474
155.0575287643822,-1550272666.36396
155.30365182591297,-1553973224.82951
155.54977488744373,-1557671875.73624
155.7958979489745,-1561368582.11044
156.04202101050524,-1565063306.91984
156.288144072036,-1568756013.07365
156.53426713356677,-1572446663.42251
156.78039019509754,-1576135220.75852
157.0265132566283,-1579821647.81523
157.27263631815907,-1583505907.26764
157.51875937968984,-1587187961.73219
157.7648824412206,-1590867773.76678
158.01100550275137,-1594545305.87077
158.25712856428214,-1598220520.48497
158.5032516258129,-1601893379.99162
158.74937468734367,-1605563846.71443
158.99549774887444,-1609231882.91856
159.2416208104052,-1612897450.81060
159.48774387193598,-1616560512.53863
159.73386693346674,-1620221030.19215
159.9799899949975,-1623878965.80212
160.22611305652825,-1627534281.34094
160.47223611805902,-1631186938.72249
160.71835917958978,-1634836899.80207
160.96448224112055,-1638484126.37645
161.21060530265132,-1642128580.18384
161.45672836418208,-1645770222.90390
161.70285142571285,-1649409016.15777
161.94897448724362,-1653044921.50799
162.19509754877438,-1656677900.45859
162.44122061030515,-1660307914.45504
162.68734367183592,-1663934924.88427
162.93346673336669,-1667558893.07463
163.17958979489745,-1671179780.29596
163.42571285642822,-1674797547.75953
163.671835917959,-1678412156.61806
163.91795897948975,-1682023567.96572
164.16408204102052,-1685631742.83815
164.4102051025513,-1689236642.21242
164.65632816408203,-1692838227.00706
164.9024512256128,-1696436458.08205
165.14857428714356,-1700031296.23881
165.39469734867433,-1703622702.22024
165.6408204102051,-1707210636.71066
165.88694347173586,-1710795060.33586
166.13306653326663,-1714375933.66306
166.3791895947974,-1717953217.20096
166.62531265632816,-1721526871.39969
166.87143571785893,-1725096856.65084
167.1175587793897,-1728663133.28744
167.36368184092046,-1732225661.58399
167.60980490245123,-1735784401.75643
167.855927963982,-1739339313.96214
168.10205102551276,-1742890358.29997
168.34817408704353,-1746437494.81021
168.5942971485743,-1749980683.47461
168.84042021010504,-1753519884.21636
169.0865432716358,-1757055056.90010
169.33266633316657,-1760586161.33194
169.57878939469734,-1764113157.25942
169.8249124562281,-1767636004.37153
170.07103551775887,-1771154662.29874
170.31715857928964,-1774669090.61294
170.5632816408204,-1778179248.82748
170.80940470235117,-1781685096.39717
171.05552776388194,-1785186592.71825
171.3016508254127,-1788683697.12844
171.54777388694347,-1792176368.90689
171.79389694847424,-1795664567.27421
172.040020010005,-1799148251.39244
172.28614307153578,-1802627380.36511
172.53226613306654,-1806101913.23718
172.7783891945973,-1809571808.99504
173.02451225612805,-1813037026.56657
173.27063531765882,-1816497524.82108
173.51675837918958,-1819953262.56933
173.76288144072035,-1823404198.56353
174.00900450225112,-1826850291.49735
174.25512756378188,-1830291500.00591
174.50125062531265,-1833727782.66577
174.74737368684342,-1837159097.99496
174.99349674837418,-1840585404.45294
175.23961980990495,-1844006660.44063
175.48574287143572,-1847422824.30041
175.73186593296649,-1850833854.31609
175.97798899449725,-1854239708.71295
176.22411205602802,-1857640345.65772
176.4702351175588,-1861035723.25856
176.71635817908955,-1864425799.56511
176.96248124062032,-1867810532.56845
177.2086043021511,-1871189880.20109
177.45472736368183,-1874563800.33703
177.7008504252126,-1877932250.79168
177.94697348674336,-1881295189.32194
178.19309654827413,-1884652573.62613
178.4392196098049,-1888004361.34404
178.68534267133566,-1891350510.05690
178.93146573286643,-1894690977.28739
179.1775887943972,-1898025720.49966
179.42371185592796,-1901354697.09929
179.66983491745873,-1904677864.43331
179.9159579789895,-1907995179.79022
180.16208104052026,-1911306600.39996
180.40820410205103,-1914612083.43391
180.6543271635818,-1917911586.00492
180.90045022511256,-1921205065.16729
181.14657328664333,-1924492477.91675
181.3926963481741,-1927773781.19050
181.63881940970484,-1931048931.86719
181.8849424712356,-1934317886.76691
182.13106553276637,-1937580602.65121
182.37718859429714,-1940837036.22309
182.6233116558279,-1944087144.12700
182.86943471735867,-1947330882.94885
183.11555777888944,-1950568209.21597
183.3616808404202,-1953799079.39718
183.60780390195097,-1957023449.90273
183.85392696348174,-1960241277.08432
184.1000500250125,-1963452517.23511
184.34617308654327,-1966657126.58971
184.59229614807404,-1969855061.32417
184.8384192096048,-1973046277.55600
185.08454227113558,-1976230731.34416
185.33066533266634,-1979408378.68906
185.5767883941971,-1982579175.53257
185.82291145572785,-1985743077.75799
186.06903451725861,-1988900041.19010
186.31515757878938,-1992050021.59509
186.56128064032015,-1995192974.68065
186.80740370185092,-1998328856.09588
187.05352676338168,-2001457621.43135
187.29964982491245,-2004579226.21908
187.54577288644322,-2007693625.93255
187.79189594797398,-2010800775.98667
188.03801900950475,-2013900631.73780
188.28414207103552,-2016993148.48379
188.53026513256629,-2020078281.46389
188.77638819409705,-2023155985.85883
189.02251125562782,-2026226216.79079
189.2686343171586,-2029288929.32339
189.51475737868935,-2032344078.46171
189.76088044022012,-2035391619.15228
190.0070035017509,-2038431506.28308
190.25312656328163,-2041463694.68354
190.4992496248124,-2044488139.12454
190.74537268634316,-2047504794.31840
190.99149574787393,-2050513614.91893
191.2376188094047,-2053514555.52133
191.48374187093546,-2056507570.66232
191.72986493246623,-2059492614.82001
191.975987993997,-2062469642.41400
192.22211105552776,-2065438607.80532
192.46823411705853,-2068399465.29646
192.7143571785893,-2071352169.13137
192.96048024012006,-2074296673.49543
193.20660330165083,-2077232932.51548
193.4527263631816,-2080160900.25983
193.69884942471236,-2083080530.73820
193.94497248624313,-2085991777.90181
194.1910955477739,-2088894595.64328
194.43721860930464,-2091788937.79673
194.6833416708354,-2094674758.13769
194.92946473236617,-2097552010.38317
195.17558779389694,-2100420648.19161
195.4217108554277,-2103280625.16292
195.66783391695847,-2106131894.83845
195.91395697848924,-2108974410.70100
196.16008004002,-2111808126.17482
196.40620310155077,-2114632994.62562
196.65232616308154,-2117448969.36055
196.8984492246123,-2120256003.62823
197.14457228614307,-2123054050.61870
197.39069534767384,-2125843063.46348
197.6368184092046,-2128622995.23552
197.88294147073537,-2131393798.94925
198.12906453226614,-2134155427.56051
198.3751875937969,-2136907833.96662
198.62131065532768,-2139650971.00634
198.86743371685841,-2142384791.45989
199.11355677838918,-2145109248.04894
199.35967983991995,-2147824293.43660
199.60580290145072,-2150529880.22743
199.85192596298148,-2153225960.96746
200.09804902451225,-2155912488.14415
200.34417208604302,-2158589414.18643
200.59029514757378,-2161256691.46466
200.83641820910455,-2163914272.29067
201.08254127063532,-2166562108.91773
201.32866433216608,-2169200153.54057
201.57478739369685,-2171828358.29536
201.82091045522762,-2174446675.25972
202.06703351675839,-2177055056.45274
202.31315657828915,-2179653453.83495
202.55927963981992,-2182241819.30831
202.8054027013507,-2184820104.71626
203.05152576288143,-2187388261.84369
203.2976488244122,-2189946242.41692
203.54377188594296,-2192493998.10373
203.78989494747373,-2195031480.51337
204.0360180090045,-2197558641.19651
204.28214107053526,-2200075431.64530
204.52826413206603,-2202581803.29331
204.7743871935968,-2205077707.51559
205.02051025512756,-2207563095.62862
205.26663331665833,-2210037918.89035
205.5127563781891,-2212502128.50016
205.75887943971986,-2214955675.59891
206.00500250125063,-2217398511.26887
206.2511255627814,-2219830586.53380
206.49724862431216,-2222251852.35888
206.74337168584293,-2224662259.65077
206.9894947473737,-2227061759.25756
207.23561780890444,-2229450301.96880
207.4817408704352,-2231827838.51549
207.72786393196597,-2234194319.57007
207.97398699349674,-2236549695.74645
208.2201100550275,-2238893917.59998
208.46623311655827,-2241226935.62746
208.71235617808904,-2243548700.26715
208.9584792396198,-2245859161.89875
209.20460230115057,-2248158270.84341
209.45072536268134,-2250445977.36374
209.6968484242121,-2252722231.66380
209.94297148574287,-2254986983.88910
210.18909454727364,-2257240184.12660
210.4352176088044,-2259481782.40470
210.68134067033517,-2261711728.69327
210.92746373186594,-2263929972.90362
211.1735867933967,-2266136464.88852
211.41970985492748,-2268331154.44217
211.6658329164582,-2270513991.30025
211.91195597798898,-2272684925.13986
212.15807903951975,-2274843905.57959
212.40420210105052,-2276990882.17944
212.65032516258128,-2279125804.44088
212.89644822411205,-2281248621.80684
213.14257128564282,-2283359283.66168
213.38869434717358,-2285457739.33123
213.63481740870435,-2287543938.08276
213.88094047023512,-2289617829.12500
214.12706353176588,-2291679361.60811
214.37318659329665,-2293728484.62374
214.61930965482742,-2295765147.20494
214.86543271635819,-2297789298.32626
215.11155577788895,-2299800886.90366
215.35767883941972,-2301799861.79459
215.6038019009505,-2303786171.79791
215.84992496248123,-2305759765.65397
216.096048024012,-2307720592.04455
216.34217108554276,-2309668599.59287
216.58829414707353,-2311603736.86363
216.8344172086043,-2313525952.36296
217.08054027013506,-2315435194.53844
217.32666333166583,-2317331411.77912
217.5727863931966,-2319214552.41548
217.81890945472736,-2321084564.71947
218.06503251625813,-2322941396.90446
218.3111555777889,-2324784997.12532
218.55727863931966,-2326615313.47832
218.80340170085043,-2328432294.00121
219.0495247623812,-2330235886.67319
219.29564782391196,-2332026039.41490
219.54177088544273,-2333802700.08844
219.7878939469735,-2335565816.49736
220.03401700850424,-2337315336.38665
220.280140070035,-2339051207.44276
220.52626313156577,-2340773377.29360
220.77238619309654,-2342481793.50852
221.0185092546273,-2344176403.59831
221.26463231615807,-2345857155.01524
221.51075537768884,-2347523995.15300
221.7568784392196,-2349176871.34675
222.00300150075037,-2350815730.87310
222.24912456228114,-2352440520.95011
222.4952476238119,-2354051188.73728
222.74137068534267,-2355647681.33557
222.98749374687344,-2357229945.78740
223.2336168084042,-2358797929.07662
223.47973986993497,-2360351578.12854
223.72586293146574,-2361890839.80994
223.9719859929965,-2363415660.92902
224.21810905452728,-2364925988.23545
224.464232116058,-2366421768.42035
224.71035517758878,-2367902948.11628
224.95647823911955,-2369369473.89726
225.20260130065031,-2370821292.27876
225.44872436218108,-2372258349.71770
225.69484742371185,-2373680592.61244
225.94097048524262,-2375087967.30283
226.18709354677338,-2376480420.07012
226.43321660830415,-2377857897.13703
226.67933966983492,-2379220344.66776
226.92546273136568,-2380567708.76791
227.17158579289645,-2381899935.48457
227.41770885442722,-2383216970.80627
227.66383191595799,-2384518760.66298
227.90995497748875,-2385805250.92614
228.15607803901952,-2387076387.40862
228.4022011005503,-2388332115.86475
228.64832416208102,-2389572381.99033
228.8944472236118,-2390797131.42258
229.14057028514256,-2392006309.74019
229.38669334667333,-2393199862.46330
229.6328164082041,-2394377735.05348
229.87893946973486,-2395539872.91378
230.12506253126563,-2396686221.38869
230.3711855927964,-2397816725.76415
230.61730865432716,-2398931331.26754
230.86343171585793,-2400029983.06771
231.1095547773887,-2401112626.27496
231.35567783891946,-2402179205.94101
231.60180090045023,-2403229667.05908
231.847923961981,-2404263954.56380
232.09404702351176,-2405282013.33128
232.34017008504253,-2406283788.17905
232.5862931465733,-2407269223.86612
232.83241620810404,-2408238265.09294
233.0785392696348,-2409190856.50141
233.32466233116557,-2410126942.67487
233.57078539269634,-2411046468.13813
233.8169084542271,-2411949377.35745
234.06303151575787,-2412835614.74053
234.30915457728864,-2413705124.63652
234.5552776388194,-2414557851.33603
234.80140070035017,-2415393739.07112
235.04752376188094,-2416212732.01530
235.2936468234117,-2417014774.28352
235.53976988494247,-2417799809.93219
235.78589294647324,-2418567782.95918
236.032016008004,-2419318637.30380
236.27813906953477,-2420052316.84682
236.52426213106554,-2420768765.41043
236.7703851925963,-2421467926.75832
237.01650825412707,-2422149744.59560
237.2626313156578,-2422814162.56882
237.50875437718858,-2423461124.26603
237.75487743871935,-2424090573.21667
238.00100050025011,-2424702452.89167
238.24712356178088,-2425296706.70340
238.49324662331165,-2425873278.00569
238.73936968484242,-2426432110.09381
238.98549274637318,-2426973146.20447
239.23161580790395,-2427496329.51586
239.47773886943472,-2428001603.14761
239.72386193096548,-2428488910.16078
239.96998499249625,-2428958193.55790
240.21610805402702,-2429409396.28296
240.46223111555778,-2429842461.22139
240.70835417708855,-2430257331.20006
240.95447723861932,-2430653948.98731
241.20060030015009,-2431032257.29292
241.44672336168082,-2431392198.76812
241.6928464232116,-2431733716.00560
241.93896948474236,-2432056751.53949
242.18509254627313,-2432361247.84538
242.4312156078039,-2432647147.34031
242.67733866933466,-2432914392.38277
242.92346173086543,-2433162925.27270
243.1695847923962,-2433392688.25148
243.41570785392696,-2433603623.50196
243.66183091545773,-2433795673.14842
243.9079539769885,-2433968779.25663
244.15407703851926,-2434122883.83376
244.40020010005003,-2434257928.82846
244.6463231615808,-2434373856.13084
244.89244622311156,-2434470607.57243
245.13856928464233,-2434548124.92624
245.3846923461731,-2434606349.90672
245.63081540770384,-2434645224.16976
245.8769384692346,-2434664689.31272
246.12306153076537,-2434664686.87439
246.36918459229614,-2434645158.33504
246.6153076538269,-2434606045.11637
246.86143071535767,-2434547288.58153
247.10755377688844,-2434468830.03513
247.3536768384192,-2434370610.72322
247.59979989994997,-2434252571.83332
247.84592296148074,-2434114654.49437
248.0920460230115,-2433956799.77680
248.33816908454227,-2433778948.69247
248.58429214607304,-2433581042.19468
248.8304152076038,-2433363021.17820
249.07653826913457,-2433124826.47924
249.32266133066534,-2432866398.87548
249.5687843921961,-2432587679.08601
249.81490745372687,-2432288607.77142
250.0610305152576,-2431969125.53371
250.30715357678838,-2431629172.91637
250.55327663831915,-2431268690.40430
250.79939969984991,-2430887618.42388
251.04552276138068,-2430485897.34293
251.29164582291145,-2430063467.47072
251.53776888444222,-2429620269.05798
251.78389194597298,-2429156242.29688
252.03001500750375,-2428671327.32105
252.27613806903452,-2428165464.20556
252.52226113056528,-2427638592.96695
252.76838419209605,-2427090653.56319
253.01450725362682,-2426521585.89370
253.26063031515758,-2425931329.79938
253.50675337668835,-2425319825.06255
253.75287643821912,-2424687011.40700
253.99899949974989,-2424032828.49796
254.24512256128062,-2423357215.94211
254.4912456228114,-2422660113.28759
254.73736868434216,-2421941460.02398
254.98349174587293,-2421201195.58233
255.2296148074037,-2420439259.33512
255.47573786893446,-2419655590.59629
255.72186093046523,-2418850128.62123
255.967983991996,-2418022812.60678
256.2141070535268,-2417173581.69125
256.4602301150575,-2416302374.95436
256.70635317658827,-2415409131.41731
256.95247623811906,-2414493790.04275
257.1985992996498,-2413556289.73477
257.4447223611806,-2412596569.33893
257.69084542271133,-2411614567.64222
257.93696848424213,-2410610223.37309
258.18309154577287,-2409583475.20144
258.42921460730366,-2408534261.73862
258.6753376688344,-2407462521.53743
258.9214607303652,-2406368193.09213
259.16758379189594,-2405251214.83842
259.41370685342673,-2404111525.15346
259.65982991495747,-2402949062.35585
259.90595297648827,-2401763764.70564
260.152076038019,-2400555570.40436
260.3981990995498,-2399324417.59495
260.64432216108054,-2398070244.36182
260.8904452226113,-2396792988.73085
261.1365682841421,-2395492588.66933
261.3826913456728,-2394168982.08604
261.6288144072036,-2392822106.83118
261.87493746873434,-2391451900.69642
262.12106053026514,-2390058301.41488
262.3671835917959,-2388641246.66112
262.6133066533267,-2387200674.05116
262.8594297148574,-2385736521.14248
263.1055527763882,-2384248725.43398
263.35167583791895,-2382737224.36605
263.59779889944974,-2381201955.32050
263.8439219609805,-2379642855.62060
264.0900450225113,-2378059862.53109
264.336168084042,-2376452913.25812
264.5822911455728,-2374821944.94934
264.82841420710355,-2373166894.69382
265.0745372686343,-2371487699.52207
265.3206603301651,-2369784296.40609
265.5667833916958,-2368056622.25931
265.8129064532266,-2366304613.93659
266.05902951475736,-2364528208.23428
266.30515257628815,-2362727341.89016
266.5512756378189,-2360901951.58345
266.7973986993497,-2359051973.93485
267.0435217608804,-2357177345.50650
267.2896448224112,-2355278002.80197
267.53576788394196,-2353353882.26630
267.78189094547275,-2351404920.28598
268.0280140070035,-2349431053.18896
268.2741370685343,-2347432217.24462
268.520260130065,-2345408348.66381
268.7663831915958,-2343359383.59881
269.01250625312656,-2341285258.14336
269.2586293146573,-2339185908.33268
269.5047523761881,-2337061270.14339
269.75087543771883,-2334911279.49360
269.9969984992496,-2332735872.24285
270.24312156078037,-2330534984.19214
270.48924462231116,-2328308551.08392
270.7353676838419,-2326056508.60209
270.9814907453727,-2323778792.37200
271.22761380690343,-2321475337.96045
271.47373686843423,-2319146080.87570
271.71985992996497,-2316790956.56745
271.96598299149576,-2314409900.42686
272.2121060530265,-2312002847.78652
272.4582291145573,-2309569733.92051
272.70435217608804,-2307110494.04432
272.95047523761883,-2304625063.31492
273.19659829914957,-2302113376.83071
273.4427213606803,-2299575369.63156
273.6888444222111,-2297010976.69877
273.93496748374184,-2294420132.95512
274.18109054527264,-2291802773.26482
274.4272136068034,-2289158832.43352
274.6733366683342,-2286488245.20834
274.9194597298649,-2283790946.27786
275.1655827913957,-2281066870.27209
275.41170585292645,-2278315951.76250
275.65782891445724,-2275538125.26201
275.903951975988,-2272733325.22499
276.1500750375188,-2269901486.04725
276.3961980990495,-2267042542.06608
276.6423211605803,-2264156427.56020
276.88844422211105,-2261243076.74978
277.13456728364184,-2258302423.79645
277.3806903451726,-2255334402.80328
277.6268134067034,-2252338947.81480
277.8729364682341,-2249315992.81700
278.11905952976485,-2246265471.73729
278.36518259129565,-2243187318.44456
278.6113056528264,-2240081466.74914
278.8574287143572,-2236947850.40282
279.1035517758879,-2233786403.09883
279.3496748374187,-2230597058.47185
279.59579789894946,-2227379750.09801
279.84192096048025,-2224134411.49491
280.088044022011,-2220860976.12158
280.3341670835418,-2217559377.37851
280.5802901450725,-2214229548.60763
280.8264132066033,-2210871423.09235
281.07253626813406,-2207484934.05750
281.31865932966485,-2204070014.66936
281.5647823911956,-2200626598.03570
281.8109054527264,-2197154617.20569
282.0570285142571,-2193654005.16999
282.30315157578787,-2190124694.86069
282.54927463731866,-2186566619.15134
282.7953976988494,-2182979710.85694
283.0415207603802,-2179363902.73393
283.28764382191093,-2175719127.48021
283.53376688344173,-2172045317.73514
283.77988994497247,-2168342406.07953
284.02601300650326,-2164610325.03561
284.272136068034,-2160849007.06710
284.5182591295648,-2157058384.57915
284.76438219109554,-2153238389.91836
285.01050525262633,-2149388955.37280
285.25662831415707,-2145510013.17197
285.50275137568786,-2141601495.48683
285.7488744372186,-2137663334.42979
285.9949974987494,-2133695462.05471
286.24112056028014,-2129697810.35691
286.4872436218109,-2125670311.27314
286.73336668334167,-2121612896.68162
286.9794897448724,-2117525498.40201
287.2256128064032,-2113408048.19543
287.47173586793394,-2109260477.76445
287.71785892946474,-2105082718.75309
287.9639819909955,-2100874702.74680
288.2101050525263,-2096636361.27252
288.456228114057,-2092367625.79861
288.7023511755878,-2088068427.73490
288.94847423711855,-2083738698.43265
289.19459729864934,-2079378369.18460
289.4407203601801,-2074987371.22491
289.6868434217109,-2070565635.72921
289.9329664832416,-2066113093.81458
290.1790895447724,-2061629676.53954
290.42521260630315,-2057115314.90408
290.6713356678339,-2052569939.84962
290.9174587293647,-2047993482.25904
291.1635817908954,-2043385872.95668
291.4097048524262,-2038747042.70831
291.65582791395695,-2034076922.22117
291.90195097548775,-2029375442.14395
292.1480740370185,-2024642533.06678
292.3941970985493,-2019878125.52125
292.64032016008,-2015082149.98038
292.8864432216108,-2010254536.85868
293.13256628314156,-2005395216.51209
293.37868934467235,-2000504119.23798
293.6248124062031,-1995581175.27520
293.8709354677339,-1990626314.80405
294.1170585292646,-1985639467.94627
294.3631815907954,-1980620564.76505
294.60930465232616,-1975569535.26503
294.8554277138569,-1970486309.39232
295.1015507753877,-1965370817.03445
295.34767383691843,-1960222988.02044
295.5937968984492,-1955042752.12072
295.83991995997997,-1949830039.04720
296.08604302151076,-1944584778.45323
296.3321660830415,-1939306899.93361
296.5782891445723,-1933996333.02459
296.82441220610303,-1928653007.20387
297.07053526763383,-1923276851.89062
297.31665832916457,-1917867796.44544
297.56278139069536,-1912425770.17037
297.8089044522261,-1906950702.30895
298.0550275137569,-1901442522.04611
298.30115057528764,-1895901158.50827
298.54727363681843,-1890326540.76330
298.79339669834917,-1884718597.82049
299.0395197598799,-1879077258.63063
299.2856428214107,-1873402452.08591
299.53176588294144,-1867694107.02001
299.77788894447224,-1861952152.20804
300.024012006003,-1856176516.36656
300.2701350675338,-1850367128.15359
300.5162581290645,-1844523916.16861
300.7623811905953,-1838646808.95254
301.00850425212604,-1832735734.98773
301.25462731365684,-1826790622.69802
301.5007503751876,-1820811400.44868
301.7468734367184,-1814797996.54642
301.9929964982491,-1808750339.23943
302.2391195597799,-1802668356.71733
302.48524262131065,-1796551977.11120
302.73136568284144,-1790401128.49356
302.9774887443722,-1784215738.87840
303.223611805903,-1777995736.22113
303.4697348674337,-1771741048.41865
303.71585792896445,-1765451603.30928
303.96198099049525,-1759127328.67280
304.208104052026,-1752768152.23046
304.4542271135568,-1746374001.64492
304.7003501750875,-1739944804.52034
304.9464732366183,-1733480488.40229
305.19259629814906,-1726980980.77781
305.43871935967985,-1720446209.07539
305.6848424212106,-1713876100.66497
305.9309654827414,-1707270582.85794
306.1770885442721,-1700629582.90714
306.4232116058029,-1693953028.00686
306.66933466733366,-1687240845.29285
306.91545772886445,-1680492961.84230
307.1615807903952,-1673709304.67385
307.407703851926,-1666889800.74760
307.6538269134567,-1660034376.96510
307.89994997498746,-1653142960.16934
308.14607303651826,-1646215477.14478
308.392196098049,-1639251854.61731
308.6383191595798,-1632252019.25428
308.88444222111053,-1625215897.66451
309.1305652826413,-1618143416.39823
309.37668834417207,-1611034501.94716
309.62281140570286,-1603889080.74444
309.8689344672336,-1596707079.16469
310.1150575287644,-1589488423.52396
310.36118059029513,-1582233040.07976
310.60730365182593,-1574940855.03104
310.85342671335667,-1567611794.51822
311.09954977488746,-1560245784.62316
311.3456728364182,-1552842751.36917
311.591795897949,-1545402620.72101
311.83791895947974,-1537925318.58490
312.0840420210105,-1530410770.80849
312.33016508254127,-1522858903.18091
312.576288144072,-1515269641.43273
312.8224112056028,-1507642911.23595
313.06853426713354,-1499978638.20405
313.31465732866434,-1492276747.89195
313.5607803901951,-1484537165.79601
313.8069034517259,-1476759817.35407
314.0530265132566,-1468944627.94539
314.2991495747874,-1461091522.89069
314.54527263631815,-1453200427.45215
314.79139569784894,-1445271266.83340
315.0375187593797,-1437303966.17951
315.2836418209105,-1429298450.57701
315.5297648824412,-1421254645.05387
315.775887943972,-1413172474.57953
316.02201100550275,-1405051864.06487
316.2681340670335,-1396892738.36222
316.5142571285643,-1388695022.26535
316.760380190095,-1380458640.50951
317.0065032516258,-1372183517.77137
317.25262631315655,-1363869578.66908
317.49874937468735,-1355516747.76222
317.7448724362181,-1347124949.55182
317.9909954977489,-1338694108.48037
318.2371185592796,-1330224148.93182
318.4832416208104,-1321714995.23155
318.72936468234116,-1313166571.64640
318.97548774387195,-1304578802.38467
319.2216108054027,-1295951611.59610
319.4677338669335,-1287284923.37188
319.7138569284642,-1278578661.74466
319.959979989995,-1269832750.68853
320.20610305152576,-1261047114.11905
320.4522261130565,-1252221675.89320
320.6983491745873,-1243356359.80943
320.94447223611803,-1234451089.60766
321.1905952976488,-1225505788.96922
321.43671835917957,-1216520381.51692
321.68284142071036,-1207494790.81501
321.9289644822411,-1198428940.36920
322.1750875437719,-1189322753.62664
322.42121060530263,-1180176153.97594
322.66733366683343,-1170989064.74715
322.91345672836417,-1161761409.21178
323.15957978989496,-1152493110.58278
323.4057028514257,-1143184092.01458
323.6518259129565,-1133834276.60303
323.89794897448724,-1124443587.38544
324.14407203601803,-1115011947.34057
324.39019509754877,-1105539279.38864
324.63631815907956,-1096025506.39131
324.8824412206103,-1086470551.15170
325.12856428214104,-1076874336.41437
325.37468734367184,-1067236784.86534
325.6208104052026,-1057557819.13208
325.86693346673337,-1047837361.78351
326.1130565282641,-1038075335.33000
326.3591795897949,-1028271662.22337
326.60530265132564,-1018426264.85689
326.85142571285644,-1008539065.56529
327.0975487743872,-998609986.624737
327.343671835918,-988638950.252859
327.5897948974487,-978625878.608737
327.8359179589795,-968570693.792892
328.08204102051025,-958473317.847305
328.32816408204104,-948333672.755403
328.5742871435718,-938151680.442069
328.8204102051026,-927927262.773630
329.0665332666333,-917660341.557877
329.31265632816405,-907350838.544032
329.55877938969485,-896998675.422785
329.8049024512256,-886603773.826273
330.0510255127564,-876166055.328074
330.2971485742871,-865685441.443233
330.5432716358179,-855161853.628235
330.78939469734865,-844595213.281018
331.03551775887945,-833985441.740974
331.2816408204102,-823332460.288945
331.527763881941,-812636190.147218
331.7738869434717,-801896552.479541
332.0200100050025,-791113468.391102
332.26613306653326,-780286858.928555
332.51225612806405,-769416645.079983
332.7583791895948,-758502747.774947
333.0045022511256,-747545087.884434
333.2506253126563,-736543586.220899
333.49674837418706,-725498163.538239
333.74287143571786,-714408740.531803
333.9889944972486,-703275237.838398
334.2351175587794,-692097576.036268
334.48124062031013,-680875675.645127
334.7273636818409,-669609457.126123
334.97348674337167,-658298840.881865
335.21960980490246,-646943747.256405
335.4657328664332,-635544096.535256
335.711855927964,-624099808.945371
335.95797898949473,-612610804.655167
336.20410205102553,-601077003.774495
336.45022511255627,-589498326.354675
336.69634817408706,-577874692.388463
336.9424712356178,-566206021.810081
337.1885942971486,-554492234.495180
337.43471735867934,-542733250.260889
337.6808404202101,-530928988.865770
337.92696348174087,-519079370.009832
338.1730865432716,-507184313.334558
338.4192096048024,-495243738.422855
338.66533266633314,-483257564.799099
338.91145572786394,-471225711.929110
339.1575787893947,-459148099.220161
339.4037018509255,-447024646.020971
339.6498249124562,-434855271.621721
339.895947973987,-422639895.254034
340.14207103551774,-410378436.090984
340.38819409704854,-398070813.247099
340.6343171585793,-385716945.778357
340.8804402201101,-373316752.682186
341.1265632816408,-360870152.897470
341.3726863431716,-348377065.304539
341.61880940470235,-335837408.725172
341.8649324662331,-323251101.922604
342.1110555277639,-310618063.601517
342.3571785892946,-297938212.408052
342.6033016508254,-285211466.929785
342.84942471235615,-272437745.695761
343.09554777388695,-259616967.176464
343.3416708354177,-246749049.783836
343.5877938969485,-233833911.871265
343.8339169584792,-220871471.733593
344.08004002001,-207861647.607109
344.32616308154076,-194804357.669559
344.57228614307155,-181699520.040134
344.8184092046023,-168547052.779482
345.0645322661331,-155346873.889694
345.3106553276638,-142098901.314323
345.5567783891946,-128803052.938360
345.80290145072536,-115459246.588259
346.0490245122561,-102067400.031919
346.2951475737869,-88627430.9786854
346.54127063531763,-75139257.0793686
346.7873936968484,-61602795.9262104
347.03351675837916,-48017965.0529251
347.27963981990996,-34384681.9346600
347.5257628814407,-20702863.9880238
347.7718859429715,-6972428.57107162
348.01800900450223,6806707.01668739
348.264132066033,20634625.5342979
348.51025512756377,34511409.7993469
348.75637818909456,48437142.6879768
349.0025012506253,62411907.1348705
349.2486243121561,76435786.1332779
349.49474737368683,90508862.7349720
349.74087043521763,104631220.050297
349.98699349674837,118802941.248135
350.23311655827916,133024109.555918
350.4792396198099,147294808.259628
350.72536268134064,161615120.703802
350.97148574287144,175985130.291517
351.2176088044022,190404920.484406
351.46373186593297,204874574.802643
351.7098549274637,219394176.824957
351.9559779889945,233963810.188631
352.20210105052524,248583558.589479
352.44822411205604,263253505.781891
352.6943471735868,277973735.578777
352.9404702351176,292744331.851620
353.1865932966483,307565378.530436
353.4327163581791,322436959.603798
353.67883941970985,337359159.118824
353.92496248124064,352332061.181187
354.1710855427714,367355749.955097
354.4172086043022,382430309.663336
354.6633316658329,397555824.587204
354.90945472736365,412732379.066574
355.15557778889445,427960057.499863
355.4017008504252,443238944.344027
355.647823911956,458569124.114584
355.8939469734867,473950681.385590
356.1400700350175,489383700.789661
356.38619309654825,504868267.017950
356.63231615807905,520404464.820173
356.8784392196098,535992379.004580
357.1245622811406,551632094.437981
357.3706853426713,567323696.045729
357.6168084042021,583067268.811733
357.86293146573286,598862897.778437
358.10905452726365,614710668.046858
358.3551775887944,630610664.776531
358.6013006503252,646562973.185570
358.8474237118559,662567678.550613
359.09354677338666,678624866.206867
359.33966983491746,694734621.548080
359.5857928964482,710897030.026543
359.831915957979,727112177.153105
360.07803901950973,743380148.497158
360.3241620810405,759701029.686649
360.57028514257127,776074906.408064
360.81640820410206,792501864.406456
361.0625312656328,808981989.485403
361.3086543271636,825515367.507053
361.55477738869433,842102084.392094
361.80090045022513,858742226.119761
362.04702351175587,875435878.727839
362.29314657328666,892183128.312672
362.5392696348174,908984061.029129
362.7853926963482,925838763.090664
363.03151575787894,942747320.769245
363.2776388194097,959709820.395409
363.52376188094047,976726348.358242
363.7698849424712,993796991.105358
364.016008004002,1010921835.14296
364.26213106553274,1028100967.03575
364.50825412706354,1045334473.40702
364.7543771885943,1062622440.93860
365.00050025012507,1079964956.37085
365.2466233116558,1097362106.50270
365.4927463731866,1114813978.19164
365.73886943471734,1132320658.35366
365.98499249624814,1149882233.96336
366.2311155577789,1167498792.05384
366.4772386193097,1185170419.71679
366.7233616808404,1202897204.10240
366.9694847423712,1220679232.41947
367.21560780390195,1238516591.93528
367.4617308654327,1256409369.97573
367.7078539269635,1274357653.92521
367.9539769884942,1292361531.22669
368.200100050025,1310421089.38169
368.44622311155575,1328536415.95026
368.69234617308655,1346707598.55102
368.9384692346173,1364934724.86112
369.1845922961481,1383217882.61628
369.4307153576788,1401557159.61074
369.6768384192096,1419952643.69733
369.92296148074036,1438404422.78738
370.16908454227115,1456912584.85081
370.4152076038019,1475477217.91608
370.6613306653327,1494098410.07017
370.9074537268634,1512776249.45865
371.1535767883942,1531510824.28562
371.39969984992496,1550302222.81371
371.6458229114557,1569150533.36414
371.8919459729865,1588055844.31666
372.13806903451723,1607018244.10954
372.384192096048,1626037821.23966
372.63031515757876,1645114664.26238
372.87643821910956,1664248861.79168
373.1225612806403,1683440502.50002
373.3686843421711,1702689675.11846
373.61480740370183,1721996468.43658
373.8609304652326,1741360971.30253
374.10705352676337,1760783272.62300
374.35317658829416,1780263461.36321
374.5992996498249,1799801626.54697
374.8454227113557,1819397857.25660
375.09154577288643,1839052242.63299
375.33766883441723,1858764871.87558
375.58379189594797,1878535834.24234
375.82991495747876,1898365219.04981
376.0760380190095,1918253115.67307
376.32216108054024,1938199613.54574
376.56828414207104,1958204802.16002
376.8144072036018,1978268771.06663
377.06053026513257,1998391609.87483
377.3066533266633,2018573408.25247
377.5527763881941,2038814255.92592
377.79889944972484,2059114242.68009
378.04502251125564,2079473458.35846
378.2911455727864,2099891992.86305
378.5372686343172,2120369936.15445
378.7833916958479,2140907378.25175
379.0295147573787,2161504409.23265
379.27563781890944,2182161119.23334
379.52176088044024,2202877598.44860
379.767883941971,2223653937.13175
380.0140070035018,2244490225.59465
380.2601300650325,2265386554.20772
380.50625312656325,2286343013.39991
380.75237618809405,2307359693.65875
380.9984992496248,2328436685.53029
381.2446223111556,2349574079.61915
381.4907453726863,2370771966.58847
381.7368684342171,2392030437.15998
381.98299149574785,2413349582.11393
382.22911455727865,2434729492.28912
382.4752376188094,2456170258.58291
382.7213606803402,2477671971.95121
382.9674837418709,2499234723.40846
383.2136068034017,2520858604.02768
383.45972986493246,2542543704.94041
383.70585292646325,2564290117.33675
383.951975987994,2586097932.46535
384.1980990495248,2607967241.63342
384.4442221110555,2629898136.20670
384.69034517258626,2651890707.60947
384.93646823411706,2673945047.32461
385.1825912956478,2696061246.89349
385.4287143571786,2718239397.91607
385.67483741870933,2740479592.05081
385.9209604802401,2762781921.01479
386.16708354177086,2785146476.58358
386.41320660330166,2807573350.59133
386.6593296648324,2830062634.93073
386.9054527263632,2852614421.55300
387.15157578789393,2875228802.46794
387.3976988494247,2897905869.74389
387.64382191095547,2920645715.50773
387.88994497248626,2943448431.94489
388.136068034017,2966314111.29936
388.3821910955478,2989242845.87367
388.62831415707853,3012234728.02889
388.8744372186093,3035289850.18467
389.12056028014007,3058408304.81917
389.3666833416708,3081590184.46913
389.6128064032016,3104835581.72984
389.85892946473234,3128144589.25509
390.10505252626314,3151517299.75728
390.3511755877939,3174953806.00733
390.59729864932467,3198454200.83472
390.8434217108554,3222018577.12746
391.0895447723862,3245647027.83212
391.33566783391694,3269339645.95383
391.58179089544774,3293096524.55627
391.8279139569785,3316917756.76163
392.0740370185093,3340803435.75069
392.32016008004,3364753654.76277
392.5662831415708,3388768507.09574
392.81240620310155,3412848086.10600
393.0585292646323,3436992485.20852
393.3046523261631,3461201797.87682
393.5507753876938,3485476117.64295
393.7968984492246,3509815538.09752
394.04302151075535,3534220152.88970
394.28914457228615,3558690055.72720
394.5352676338169,3583225340.37626
394.7813906953477,3607826100.66171
395.0275137568784,3632492430.46688
395.2736368184092,3657224423.73369
395.51975987993995,3682022174.46259
395.76588294147075,3706885776.71259
396.0120060030015,3731815324.60123
396.2581290645323,3756810912.30463
396.504252126063,3781872634.05741
396.7503751875938,3807000584.15279
396.99649824912456,3832194856.94251
397.24262131065535,3857455546.83687
397.4887443721861,3882782748.30472
397.73486743371683,3908176555.87344
397.9809904952476,3933637064.12899
398.22711355677836,3959164367.71585
398.47323661830916,3984758561.33708
398.7193596798399,4010419739.75425
398.9654827413707,4036147997.78752
399.21160580290143,4061943430.31555
399.4577288644322,4087806132.27561
399.70385192596297,4113736198.66347
399.94997498749376,4139733724.53347
400.1960980490245,4165798804.99849
400.4422211105553,4191931535.22997
400.68834417208603,4218132010.45789
400.93446723361683,4244400325.97079
401.18059029514757,4270736577.11573
401.42671335667836,4297140859.29837
401.6728364182091,4323613267.98286
401.91895947973984,4350153898.69195
402.16508254127064,4376762847.00691
402.4112056028014,4403440208.56755
402.65732866433217,4430186079.07228
402.9034517258629,4457000554.27800
403.1495747873937,4483883730.00019
403.39569784892444,4510835702.11286
403.64182091045524,4537856566.54860
403.887943971986,4564946419.29852
404.13406703351677,4592105356.41229
404.3801900950475,4619333473.99813
404.6263131565783,4646630868.22281
404.87243621810904,4673997635.31163
405.11855927963984,4701433871.54849
405.3646823411706,4728939673.27577
405.6108054027014,4756515136.89445
405.8569284642321,4784160358.86404
406.10305152576285,4811875435.70260
406.34917458729365,4839660463.98674
406.5952976488244,4867515540.35162
406.8414207103552,4895440761.49096
407.0875437718859,4923436224.15700
407.3336668334167,4951502025.16055
407.57978989494745,4979638261.37098
407.82591295647825,5007845029.71618
408.072036018009,5036122427.18260
408.3181590795398,5064470550.81526
408.5642821410705,5092889497.71770
408.8104052026013,5121379365.05203
409.05652826413206,5149940250.03888
409.30265132566285,5178572249.95747
409.5487743871936,5207275462.14553
409.7948974487244,5236049983.99938
410.0410205102551,5264895912.97385
410.28714357178586,5293813346.58232
410.53326663331666,5322802382.39678
410.7793896948474,5351863118.04767
411.0255127563782,5380995651.22407
411.27163581790893,5410200079.67355
411.5177588794397,5439476501.20226
411.76388194097046,5468825013.67489
412.01000500250126,5498245715.01467
412.256128064032,5527738703.20339
412.5022511255628,5557304076.28139
412.74837418709353,5586941932.34755
412.9944972486243,5616652369.55931
413.24062031015507,5646435486.13264
413.48674337168586,5676291380.34210
413.7328664332166,5706220150.52074
413.9789894947474,5736221895.06021
414.22511255627813,5766296712.41067
414.4712356178089,5796444701.08087
414.71735867933967,5826665959.63808
414.9634817408704,5856960586.70812
415.2096048024012,5887328680.97537
415.45572786393194,5917770341.18276
415.70185092546274,5948285666.13175
415.9479739869935,5978874754.68237
416.19409704852427,6009537705.75320
416.440220110055,6040274618.32135
416.6863431715858,6071085591.42249
416.93246623311654,6101970724.15083
417.17858929464734,6132930115.65916
417.4247123561781,6163963865.15877
417.6708354177089,6195072071.91955
417.9169584792396,6226254835.26990
418.1630815407704,6257512254.59679
418.40920460230114,6288844429.34572
418.6553276638319,6320251459.02077
418.9014507253627,6351733443.18454
419.1475737868934,6383290481.45819
419.3936968484242,6414922673.52144
419.63981990995495,6446630119.11253
419.88594297148575,6478412918.02828
420.1320660330165,6510271170.12403
420.3781890945473,6542204975.31371
420.624312156078,6574214433.56975
420.8704352176088,6606299644.92316
421.11655827913955,6638460709.46350
421.36268134067035,6670697727.33886
421.6088044022011,6703010798.75590
421.8549274637319,6735400023.97981
422.1010505252626,6767865503.33434
422.3471735867934,6800407337.20179
422.59329664832416,6833025626.02300
422.83941970985495,6865720470.29738
423.0855427713857,6898491970.58285
423.3316658329164,6931340227.49592
423.5777888944472,6964265341.71164
423.82391195597796,6997267413.96358
424.07003501750876,7030346545.04389
424.3161580790395,7063502835.80326
424.5622811405703,7096736387.15092
424.80840420210103,7130047300.05467
425.0545272636318,7163435675.54084
425.30065032516256,7196901614.69431
425.54677338669336,7230445218.65853
425.7928964482241,7264066588.63547
426.0390195097549,7297765825.88566
426.28514257128563,7331543031.72818
426.5312656328164,7365398307.54068
426.77738869434717,7399331754.75932
427.02351175587796,7433343474.87884
427.2696348174087,7467433569.45250
427.51575787893944,7501602140.09214
427.76188094047023,7535849288.46814
428.008004002001,7570175116.30941
428.25412706353177,7604579725.40344
428.5002501250625,7639063217.59624
428.7463731865933,7673625694.79239
428.99249624812404,7708267258.95499
429.23861930965484,7742988012.10575
429.4847423711856,7777788056.32484
429.73086543271637,7812667493.75107
429.9769884942471,7847626426.58172
430.2231115557779,7882664957.07269
430.46923461730864,7917783187.53836
430.71535767883944,7952981220.35173
430.9614807403702,7988259157.94428
431.207603801901,8023617102.80610
431.4537268634317,8059055157.48578
431.69984992496245,8094573424.59048
431.94597298649325,8130172006.78593
432.192096048024,8165851006.79637
432.4382191095548,8201610527.40460
432.6843421710855,8237450671.45199
432.9304652326163,8273371541.83845
433.17658829414705,8309373241.52241
433.42271135567785,8345455873.52090
433.6688344172086,8381619540.90945
433.9149574787394,8417864346.82218
434.1610805402701,8454190394.45172
434.4072036018009,8490597787.04929
434.65332666333165,8527086627.92462
434.89944972486245,8563657020.44602
435.1455727863932,8600309068.04032
435.391695847924,8637042874.19294
435.6378189094547,8673858542.44780
435.88394197098546,8710756176.40740
436.13006503251626,8747735879.73279
436.376188094047,8784797756.14355
436.6223111555778,8821941909.41784
436.86843421710853,8859168443.39232
437.1145572786393,8896477461.96225
437.36068034017006,8933869069.08141
437.60680340170086,8971343368.76214
437.8529264632316,9008900465.07532
438.0990495247624,9046540462.15039
438.34517258629313,9084263464.17532
438.5912956478239,9122069575.39667
438.83741870935467,9159958900.11948
439.08354177088546,9197931542.70742
439.3296648324162,9235987607.58265
439.575787893947,9274127199.22590
439.82191095547773,9312350422.17645
440.0680340170085,9350657381.03212
440.31415707853927,9389048180.44931
440.56028014007,9427522925.14290
440.8064032016008,9466081719.88641
441.05252626313154,9504724669.51183
441.29864932466234,9543451878.90975
441.5447723861931,9582263453.02928
441.79089544772387,9621159496.87810
442.0370185092546,9660140115.52242
442.2831415707854,9699205414.08701
442.52926463231614,9738355497.75518
442.77538769384694,9777590471.76881
443.0215107553777,9816910441.42830
443.26763381690847,9856315512.09262
443.5137568784392,9895805789.17929
443.75987993997,9935381378.16436
444.00600300150074,9975042384.58245
444.25212606303154,10014788914.0267
444.4982491245623,10054621072.1489
444.744372186093,10094538964.6591
444.9904952476238,10134542697.3264
445.23661830915455,10174632375.9779
445.48274137068535,10214808106.4997
445.7288644322161,10255069994.8361
445.9749874937469,10295418146.9902
446.2211105552776,10335852669.0235
446.4672336168084,10376373667.0562
446.71335667833915,10416981247.2668
446.95947973986995,10457675515.8925
447.2056028014007,10498456579.2292
447.4517258629315,10539324543.6311
447.6978489244622,10580279515.5111
447.943971985993,10621321601.3405
448.19009504752376,10662450907.6493
448.43621810905455,10703667541.0260
448.6823411705853,10744971608.1177
448.928464232116,10786363215.6298
449.1745872936468,10827842470.3267
449.42071035517756,10869409479.0309
449.66683341670836,10911064348.6237
449.9129564782391,10952807186.0448
450.1590795397699,10994638098.2927
450.40520260130063,11036557192.4242
450.6513256628314,11078564575.5548
450.89744872436216,11120660354.8583
451.14357178589296,11162844637.5674
451.3896948474237,11205117530.9732
451.6358179089545,11247479142.4252
451.88194097048523,11289929579.3316
452.128064032016,11332468949.1593
452.37418709354677,11375097359.4333
452.62031015507756,11417814917.7377
452.8664332166083,11460621731.7147
453.11255627813904,11503517909.0653
453.35867933966983,11546503557.5489
453.6048024012006,11589578784.9837
453.85092546273137,11632743699.2460
454.0970485242621,11675998408.2711
454.3431715857929,11719343020.0527
454.58929464732364,11762777642.6429
454.83541770885444,11806302384.1526
455.0815407703852,11849917352.7509
455.32766383191597,11893622656.6659
455.5737868934467,11937418404.1839
455.8199099549775,11981304703.6499
456.06603301650824,12025281663.4674
456.31215607803904,12069349392.0985
456.5582791395698,12113507998.0637
456.8044022011006,12157757589.9422
457.0505252626313,12202098276.3718
457.29664832416205,12246530166.0487
457.54277138569284,12291053367.7277
457.7888944472236,12335667990.2221
458.0350175087544,12380374142.4039
458.2811405702851,12425171933.2035
458.5272636318159,12470061471.6100
458.77338669334665,12515042866.6708
459.01950975487745,12560116227.4921
459.2656328164082,12605281663.2385
459.511755877939,12650539283.1333
459.7578789394697,12695889196.4581
460.0040020010005,12741331512.5532
460.25012506253125,12786866340.8176
460.49624812406205,12832493790.7087
460.7423711855928,12878213971.7422
460.9884942471236,12924026993.4928
461.2346173086543,12969932965.5935
461.48074037018506,13015931997.7359
461.72686343171586,13062024199.6701
461.9729864932466,13108209681.2048
462.2191095547774,13154488552.2073
462.4652326163081,13200860922.6033
462.7113556778389,13247326902.3772
462.95747873936966,13293886601.5718
463.20360180090046,13340540130.2887
463.4497248624312,13387287598.6877
463.695847923962,13434129116.9874
463.94197098549273,13481064795.4649
464.1880940470235,13528094744.4559
464.43421710855426,13575219074.3544
464.68034017008506,13622437895.6132
464.9264632316158,13669751318.7437
465.1725862931466,13717159454.3156
465.41870935467733,13764662412.9573
465.66483241620807,13812260305.3558
465.91095547773887,13859953242.2564
466.1570785392696,13907741334.4633
466.4032016008004,13955624692.8390
466.64932466233114,14003603428.3046
466.89544772386193,14051677651.8398
467.1415707853927,14099847474.4829
467.38769384692347,14148113007.3305
467.6338169084542,14196474361.5380
467.879939969985,14244931648.3192
468.12606303151574,14293484978.9467
468.37218609304654,14342134464.7512
468.6183091545773,14390880217.1225
468.86443221610807,14439722347.5084
469.1105552776388,14488660967.4157
469.3566783391696,14537696188.4095
469.60280140070034,14586828122.1134
469.84892446223114,14636056880.2098
470.0950475237619,14685382574.4395
470.3411705852926,14734805316.6018
470.5872936468234,14784325218.5546
470.83341670835415,14833942392.2144
471.07953976988495,14883656949.5562
471.3256628314157,14933469002.6135
471.5717858929465,14983378663.4784
471.8179089544772,15033386044.3016
472.064032016008,15083491257.2923
472.31015507753875,15133694414.7183
472.55627813906955,15183995628.9057
472.8024012006003,15234395012.2396
473.0485242621311,15284892677.1632
473.2946473236618,15335488736.1785
473.5407703851926,15386183301.8460
473.78689344672335,15436976486.7848
474.03301650825415,15487868403.6724
474.2791395697849,15538859165.2450
474.5252626313156,15589948884.2973
474.7713856928464,15641137673.6825
475.01750875437716,15692425646.3123
475.26363181590796,15743812915.1572
475.5097548774387,15795299593.2461
475.7558779389695,15846885793.6663
476.00200100050023,15898571629.5638
476.248124062031,15950357214.1432
476.49424712356176,16002242660.6675
476.74037018509256,16054228082.4584
476.9864932466233,16106313592.8961
477.2326163081541,16158499305.4193
477.47873936968483,16210785333.5252
477.7248624312156,16263171790.7698
477.97098549274637,16315658790.7673
478.21710855427716,16368246447.1907
478.4632316158079,16420934873.7715
478.70935467733864,16473724184.2996
478.95547773886943,16526614492.6238
479.2016008004002,16579605912.6510
479.44772386193097,16632698558.3469
479.6938469234617,16685892543.7359
479.9399699849925,16739187982.9006
480.18609304652324,16792584989.9823
480.43221610805404,16846083679.1810
480.6783391695848,16899684164.7550
480.92446223111557,16953386561.0213
481.1705852926463,17007190982.3554
481.4167083541771,17061097543.1914
481.66283141570784,17115106358.0219
481.90895447723864,17169217541.3980
482.1550775387694,17223431207.9295
482.40120060030017,17277747472.2846
482.6473236618309,17332166449.1902
482.89344672336165,17386688253.4315
483.13956978489244,17441312999.8525
483.3856928464232,17496040803.3556
483.631815907954,17550871778.9019
483.8779389694847,17605806041.5109
484.1240620310155,17660843706.2607
484.37018509254625,17715984888.2879
484.61630815407705,17771229702.7878
484.8624312156078,17826578265.0140
485.1085542771386,17882030690.2790
485.3546773386693,17937587093.9535
485.6008004002001,17993247591.4669
485.84692346173085,18049012298.3072
486.09304652326165,18104881330.0209
486.3391695847924,18160854802.2130
486.5852926463232,18216932830.5470
486.8314157078539,18273115530.7453
487.07753876938466,18329403018.5883
487.32366183091546,18385795409.9155
487.5697848924462,18442292820.6245
487.815907953977,18498895366.6717
488.0620310155077,18555603164.0720
488.3081540770385,18612416328.8988
488.55427713856926,18669334977.2841
488.80040020010006,18726359225.4184
489.0465232616308,18783489189.5509
489.2926463231616,18840724985.9891
489.53876938469233,18898066731.0992
489.7848924462231,18955514541.3060
490.03101550775386,19013068533.0927
490.27713856928466,19070728823.0012
490.5232616308154,19128495527.6318
490.7693846923462,19186368763.6435
491.01550775387693,19244348647.7537
491.26163081540767,19302435296.7384
491.50775387693847,19360628827.4323
491.7538769384692,19418929356.7285
492.0,19477337001.5785
