Y_{1},Y_{2},Z_{1},Z_{2},Z_{3},Z_{4},\operatorname{re}{\left(Y_{12}\right)},\operatorname{im}{\left(Y_{12}\right)},\operatorname{re}{\left(Z_{5}\right)},\operatorname{im}{\left(Z_{5}\right)},\operatorname{re}{\left(Z_{6}\right)},\operatorname{im}{\left(Z_{6}\right)},\operatorname{re}{\left(Z_{7}\right)},\operatorname{im}{\left(Z_{7}\right)},v,\delta Y_{1},\delta Y_{2},\delta Z_{1},\delta Z_{2},\delta Z_{3},\delta Z_{4},\operatorname{re}{\left(\delta Y_{12}\right)},\operatorname{im}{\left(\delta Y_{12}\right)},\operatorname{re}{\left(\delta Z_{5}\right)},\operatorname{im}{\left(\delta Z_{5}\right)},\operatorname{re}{\left(\delta Z_{6}\right)},\operatorname{im}{\left(\delta Z_{6}\right)},\operatorname{re}{\left(\delta Z_{7}\right)},\operatorname{im}{\left(\delta Z_{7}\right)},\delta T_{1},\delta T_{2},\delta T_{CP},\delta T_{CB},\delta\Delta_{13},\delta\Delta_{33},\delta\Delta_{14},\delta\Delta_{24},\delta\Delta_{67},\delta\Delta_{78},m_1,m_2,m_3,m_4,m_5,m_6,m_7,m_8
-67630.1640654864,200468.753203456,2.23511679772247,-4.06517425532022,5.1526085524504,5.92776658943041,-129269.008478214,-129269.008478214,4.08894991908938,6.84678194433422,-4.27222580733075,-3.11258216241054,-12.1023640779617,7.7843024018595,246,-106369.832151008,-101211.975247533,0.357279530741201,0,0,-0.867015391687257,-74831.8430797472,-72629.8995688521,-0.669916228421878,-0.13199450849472,0.317288148081495,-0.679288527363455,0,0,9210792.5134136,-7677301.67218837,20286437.9023159,0,9.58767684511139,-51.860094731769,0,0,-183.665215276734,79.3813671932687,26.2398723145036,952.944875165955,545.843705303822,0,0,0,596.972681773212,596.972681773212
-183027.749559642,676877.187480609,6.04890440741762,10.7336117762309,9.08539718209519,3.86169909433621,-302015.34350392,-302015.34350392,12.3336170215699,-0.566967757025798,-9.98133860479608,1.65692610804648,6.86303743478446,8.70819620269133,246,-344662.777183775,-332813.72394419,-1.85286814648906,0,0,-10.4265412600224,-39815.5497256896,-78292.5203421393,-8.64296915049795,-2.72265137150677,2.43120551287724,-2.2653381283283,0,0,16027163.4464278,-49297507.6738365,15395744.6055971,0,-44.1683981565493,-73.1687835289016,0,0,-217.389662725816,-189.878221757737,288.84943494349,1309.92723465399,839.030986429942,0,0,0,975.59373481816,975.59373481816
-338471.636129963,866502.499553374,11.186186665674,2.96060411043292,-1.35043990139485,8.37181146438634,-12361.8349337181,-12361.8349337181,4.83392507331816,-12.0984492533205,-0.408547654627474,8.75618885620756,5.04697109954979,-5.24261206082985,246,-393874.028178215,-184206.604325639,-1.64643131556442,0,0,-4.83375369511624,8638.55380459658,-136082.519543211,0.954666898019546,7.14992749554296,2.04799369120873,-3.83123296185157,0,0,31115448.5735764,-20966460.8195368,-26210457.9886373,0,-162.87008872205,185.236409016694,0,0,-78.307983211306,-210.639684285602,462.237605598877,1268.81831366532,1005.62919396285,0,0,0,908.647835531989,908.647835531989
-358575.185425459,669544.309763433,11.8505910974109,-2.24947267763213,4.80450375752065,10.3649151694536,-143040.000100057,-143040.000100057,3.44984971700888,3.88097012565391,-4.72734483773073,-10.046209071298,-8.46194996089417,9.82757266299006,246,-406754.169689239,-189640.201110396,-2.31334511621637,0,0,-1.07359275841621,-266403.885153271,53076.2188544173,1.52906073051419,0.650506097267586,-0.839179812520334,3.01990532057643,0,0,23781412.4263035,-27904671.7036515,48218389.6328683,0,75.8400749322448,267.687553820433,0,0,-18.7701909336654,25.4684291306239,467.973406519848,1292.01989138927,1042.07343177303,0,0,0,902.728632789773,902.728632789773
-338350.088497757,562719.721271578,11.182169624488,-8.24589191445285,3.57284990325092,2.85562786980709,-20442.0157166943,-20442.0157166943,-1.5220268619051,4.21087466418375,-0.675590446053748,-2.69274880177961,7.75882416687404,-8.32678132532821,246,-67522.6821398463,-27093.2244645787,-0.788589531987841,0,0,0.241301624080629,66563.612607926,-138707.183462837,0.775458465824259,0.742824954767509,0.956852197519218,-1.09291570685824,0,0,3229244.83093088,-7026308.57658321,6990398.60083627,0,26.820396774468,-13.6839481484112,0,0,-15.3721375921535,-16.6449452748697,743.174848926604,988.640284543001,813.293865804176,0,0,0,819.040300378525,819.040300378525
-208599.691450897,517736.075272489,6.89403435292807,-1.14207200248131,4.53848788992801,2.43361477344697,-139161.251804557,-139161.251804557,-11.1967989750278,-2.07464400679394,-4.59915565485351,-2.03879038065508,-11.2483849409,3.7987326971615,246,-90322.8770693951,-85515.2379976821,-0.862390602234943,0,0,-2.89840248087867,-89398.0658218377,140344.509039064,1.90364248090057,1.58607004147852,-1.39091231952372,2.11045319710803,0,0,4505505.6723601,11375602.5378578,-10097976.9944608,0,11.6703689210842,-24.5541720784638,0,0,155.787989431454,139.005243341689,327.235944767475,1044.19399352204,822.903906035335,0,0,0,809.358784375588,809.358784375588
-208558.319448151,402109.997087022,6.89266704501787,2.73694364870861,5.82784504338423,11.3196795109406,188493.967347289,188493.967347289,-0.817666594885047,-10.2845813684193,6.22955804571647,-5.8421499877629,-10.0858684067188,8.19035262031288,246,-507802.805950663,-234660.372403139,1.1992292370813,0,0,-12.3124085223734,49823.1202067127,76092.8982745523,-5.29660956648759,15.5331839191125,-1.08993656547074,3.27895443751549,0,0,34324347.8644663,35244198.5810282,27402371.4628339,0,-42.2859633980629,-49.0463143924094,0,0,-26.9944902831821,325.724525436024,406.434014277433,1217.72335864681,781.663254121709,0,0,0,760.55830309697,760.55830309697
-150468.579510350,243954.473531096,4.97285278307720,-7.63466520013159,2.23522597827701,-3.84410520968027,-51195.9753059610,-51195.9753059610,4.00676477032644,1.61864875592439,-1.69198146956048,1.58841368081853,7.10204431352059,-8.02034412870216,246,-11250.2280854766,-7503.72434986334,-0.190993301769079,0,0,-0.753683259638143,20278.0723240111,-15304.4042868908,0.00704276456018149,0.738133746085363,0.258154860021496,-0.112772263331726,0,0,-152285.176328585,-2090475.62196980,-4066155.04016213,0,2.85745994192828,-40.5477334867492,0,0,-5.84686728813579,3.82964049000022,123.908993697867,643.746564262503,511.585860629764,0,0,0,558.200628073636,558.200628073636
-277579.583414526,760162.677577718,9.17375845774759,-2.71283703001400,1.37961424051732,3.13158617155892,-136344.549562216,-136344.549562216,2.88722240323394,1.70482587063926,-4.50606614985180,-2.76414225274942,-7.20203447770834,10.7736554475520,246,-27969.6229437734,-60182.3601540019,-1.94042607058485,0,0,-0.835046969181038,-120757.582715869,119051.830672159,0.100092026366748,-0.159848637956464,-0.200055259662954,1.09699377367114,0,0,1630944.80609417,-9702195.93126942,4733824.11812713,0,-24.3826613194047,-12.1116703567430,0,0,-13.5835164380636,16.3624258748761,618.479817192407,1077.01550850685,897.777609591079,0,0,0,895.492627142899,895.492627142899
-356402.629770945,724249.832378306,11.7787900644770,-6.10967617075669,7.29889922098600,-7.99977172859050,-179897.316069025,-179897.316069025,-7.06027760716605,9.07956809899614,-5.94544636357410,-2.66913806971101,-10.0080922540191,11.7898045876707,246,-81592.0688506488,-119400.868397081,-3.69993241561921,0,0,-2.87325668270269,-61143.3348701506,217906.331521883,0.630230381971661,2.89761267298096,-0.724699752328553,3.93572565014902,0,0,11779757.5195060,9310988.95279630,8766643.54730042,0,-83.0684819752605,70.5277267477895,0,0,218.578052271700,111.500652288219,445.549261202641,1117.50441317535,819.488051165915,0,0,0,972.162499280290,972.162499280290
-331444.029311996,-344267.739164118,10.9539305080308,-9.68090183196749,11.4057403431266,9.35354797059829,55053.2461404030,55053.2461404030,2.49718777119040,-6.45982708293359,1.81946084144368,-1.33715806810162,4.60289966399434,-5.63863501873748,246,-114161.107919007,-83536.9296168902,1.12001611987648,0,0,-0.171532090852139,51795.2234716375,-40976.2697192678,-0.872291490445692,0.419243747393943,0.383372575749628,-0.312807197007635,0,0,10436889.8068007,651307.074944036,1720076.21948336,0,4.98425977146520,19.5474371083139,0,0,-37.9549192869250,-81.7574034459253,272.528977166867,859.592310170979,646.104239878081,0,0,0,29.1058780696898,29.1058780696898
-356767.412585693,838416.104212896,11.7908458122048,-12.4652288127038,-4.99633001750639,7.28403909308556,368841.238189405,368841.238189405,-0.0340468740714321,5.51758846940661,12.1898750145219,-0.743343498779879,-8.67325241340111,-5.13407562862719,246,-405313.814566206,-117325.372789978,-1.58893828814508,0,0,-3.47233270788535,727.814029241417,-265043.100489112,-6.99782131657939,-3.76046438960919,-3.13089814198176,-3.96558283333773,0,0,56323027.8732330,54118835.2621527,40099673.2465886,0,363.591373190918,191.113893983953,0,0,-227.543360301153,313.932609423975,204.998830188791,1252.30032244687,958.399404233750,0,0,0,828.997678249576,828.997678249576
-183075.174406848,1271191.38132070,6.05047175645608,11.4153842847282,-12.4014902742496,-3.16551920943702,-157435.452352779,-157435.452352779,-5.00104669140327,-5.96134901388227,-5.20310173682264,-2.34066730479779,2.84049010113478,-5.05362641889583,246,96830.4718826209,-118781.490567520,-3.18859514295028,0,0,-2.83407238486524,73047.6916382138,-165154.337869813,-1.01705719755086,-2.47296610567405,-0.441824671703500,-2.42253370328482,0,0,16381588.9088676,10848978.5349034,11847851.4310054,0,82.1911494998014,39.6153400119376,0,0,-135.077041790805,103.981363508579,325.874183300506,1017.67567693042,908.087109688688,0,0,0,946.544815950337,946.544815950337
-254126.162247209,656984.727740773,8.39864373875368,-2.94625214965324,-3.23101275908926,10.1320846498294,-211052.125401823,-211052.125401823,-3.07257409429424,3.33566864459415,-6.97508511474065,5.76357576825692,-4.46839557252913,-4.35078313848650,246,-270238.436535084,-68748.8815933072,-1.91094615090838,0,0,-0.678311740670965,-53425.3400040679,4113.25042888171,2.15252737290477,0.0299062204626481,1.06455839539993,-1.46951605912414,0,0,32033880.9822646,-5076200.04718545,-23327294.4486697,0,83.1257445037041,182.969013557368,0,0,114.412686161488,113.258426659404,256.520607947973,1097.18208453196,985.005430236854,0,0,0,747.810633567249,747.810633567249
-323347.387076173,703937.907267184,10.6863436802225,12.4250791894186,-5.29425275579417,10.9584516821003,294950.300501147,294950.300501147,-1.44936816180782,4.43118271048658,9.74784521452664,-5.87520158352413,4.17007155212822,-4.04012628713456,246,-208178.821570552,-192797.385733342,-7.17614408183506,0,0,-0.169441966387962,85990.4308509147,-174318.574104404,-0.540187635051731,-1.43937284664974,-2.52001795570083,-1.77016007569495,0,0,46213074.8028750,12553105.4209451,19443185.9197425,0,218.406864196138,301.184411191474,0,0,-334.537404457186,-95.2665990039040,31.7864560277940,1175.81090487044,1006.87813965346,0,0,0,737.390268027972,737.390268027972
-183246.620185216,5194.05081384396,6.05613788701222,6.21973720081072,5.81560419589718,6.19191280550726,24076.1908663302,24076.1908663302,-5.29905058958455,-0.0982225993066361,0.795696703890878,1.98113758246707,-0.670620576050856,-2.43619255177638,246,-66224.2663798304,-35778.1279419853,0.504100562730208,0,0,-0.998394720884590,12113.2532238712,23842.1343412890,1.14353573626116,-0.532910057033301,0.145055471950348,0.117627575547526,0,0,4903704.76931745,2188362.33208022,-6057901.21506760,0,-8.41770159077439,1.72226266182975,0,0,35.9845093529852,23.3983572430716,435.984807198436,770.399234913756,565.623998422585,0,0,0,425.632003699558,425.632003699558
-79628.0239995139,1166273.43674893,2.63163540219162,2.00820271667748,-6.59554076203571,10.6628003180336,-70860.1575666115,-70860.1575666115,4.42737001835223,9.21439212889244,-2.34186521140232,5.49801939155063,1.01568919961551,4.39757962469540,246,-181861.540502846,-99167.7794287088,-0.553622578175984,0,0,-1.65223198832154,74429.0691797263,97288.5658757009,-0.920787955621961,-1.65764254710838,0.0122610301989745,0.725872756293432,0,0,23051015.5193839,7661593.14544072,-2977253.50884887,0,-43.0246437122423,151.417151210247,0,0,35.1952633712133,37.1861689528907,154.342800153245,1265.42750591411,1054.89749649173,0,0,0,983.211861386576,983.211861386576
-157804.905413524,621457.809464453,5.21531183202869,-10.7416474854350,11.3442595905643,-4.52866891817954,-142780.783309684,-142780.783309684,0.761734076260685,8.06381964863520,-4.71877795325811,-1.31636314093792,4.08667470356274,2.38561731588852,246,-70425.8118350309,-11932.3536671609,-1.82525101022808,0,0,-1.28080151245324,127103.429648504,55528.2363120095,-0.296176563218079,-0.754535430449639,2.18135899094004,1.04959020509254,0,0,-7955854.51984818,137404.858069699,-660036.288656047,0,-31.0188882108730,-12.0279926758479,0,0,46.8696568583775,136.733164781471,436.769158003183,1076.59784301554,788.129115004306,0,0,0,982.197747989553,982.197747989553
-225914.966601246,539189.392611635,7.46628880300239,-2.67876384241623,-8.79890235359440,11.6977376635675,52114.5657178926,52114.5657178926,-4.70714617394803,1.97957279663782,1.72234006602857,-0.651422374046234,-9.77749274748789,-8.41364827981314,246,-78680.3037600002,-79113.1440786947,0.248225896043051,0,0,0.182181973019275,-60685.9239744634,-92670.7305221396,-1.13526819913844,-0.824570859222309,-0.907754864529374,-0.519769178245302,0,0,11034558.9700821,5114772.49223333,8362459.82803803,0,-36.0042256777326,57.2672993202606,0,0,-60.0553394809066,99.3785760714718,592.664317158897,884.606381355735,756.211077196960,0,0,0,522.448279924985,522.448279924985
-352129.085756262,-331263.534986027,11.6375532340625,7.00248453725515,11.5090128015665,9.64473021798157,-120133.371103567,-120133.371103567,8.59692959869816,0.838121315646937,-3.97030111387292,-0.500893494437920,1.22782180206568,8.94116650748263,246,-213318.541016595,-151394.836556654,2.01161051597076,0,0,1.07941308371112,-90484.4369118052,9392.94455424742,1.22039668323760,0.155507270501801,-0.628641863165401,0.161582606562337,0,0,25400065.4447097,-11340362.7483163,-349968.167692333,0,1.02659362890552,89.1495777090514,0,0,-54.2571433640993,6.62429689125531,216.363809921226,942.371562742180,622.088059363524,0,0,0,130.292648924538,130.292648924538
-250569.841554306,733877.183690331,8.28111050149732,-3.44054529481856,7.89546755578557,-1.45858765527580,343707.624341104,343707.624341104,10.0143555497413,10.5747232059719,11.3592314211483,2.60741028961866,6.02595444700380,3.05217724508095,246,-206217.477733615,-167575.694737441,-4.55104360571662,0,0,-2.26463708984206,173313.006913251,150546.896213152,1.40775861411873,0.386194147124891,-2.35745992951675,0.360386902735704,0,0,19531283.3882585,45953033.6712301,-4766710.10803211,0,-247.705873183823,-119.375730986733,0,0,16.6254256789470,-36.1033131295713,293.357040709527,1325.38384295109,718.141761812299,0,0,0,986.295209860258,986.295209860258
-272060.285153061,586120.470396348,8.99135055697867,10.2769993955194,4.84272605573583,-2.45235064002597,-184481.473537431,-184481.473537431,3.77281552499245,-10.0028645942250,-6.09694869249228,4.16773076455265,-11.1535117703103,-4.30956905772178,246,-168638.769084242,-140695.711996063,-1.17531979233261,0,0,-0.302351044375085,-270734.238910059,-36851.2262972491,2.58640164258717,-1.62018905175072,-1.52490381454068,-1.34930627254117,0,0,9637701.46388564,-14191515.3250796,-17990347.5590594,0,42.3299423340846,-60.4393623146326,0,0,-2.18364212252875,-43.6413422385453,515.082531093052,1122.79979090996,578.816106765567,0,0,0,855.950743554092,855.950743554092
-33396.7530119955,219897.093968771,1.10373299662884,4.28698494824121,0.680630481389715,10.3036968511783,30550.9431678991,30550.9431678991,0.110478427747760,-1.45953545909773,1.00968151126641,0.305993991638850,-0.296626636597267,-5.87764596115832,246,-61628.0553986749,-43043.7173560933,0.479479543392585,0,0,-0.288672764975608,6820.00244082509,-19705.2471193808,0.000662610062890034,0.233373800434331,-0.00159941533756819,0.000757128010069330,0,0,3825582.75841429,1897399.75408355,-415268.886952957,0,-4.42383281654330,57.7429233468567,0,0,45.9237046350534,10.5004050178015,241.063698182603,773.713515750540,717.335999223991,0,0,0,490.399440328658,490.399440328658
-192415.956731160,1147064.13779980,6.35917630812216,8.33393524639149,-10.2087716565400,0.414669631561173,-295059.619169793,-295059.619169793,5.18805103886664,11.2057573051219,-9.75145809933879,-4.45313506151218,8.16207014276668,3.83476870604065,246,5101.93636709391,-189019.888030771,-5.44269689605168,0,0,-6.55331992908702,243285.484518332,112688.719477179,0.263367750581876,-0.0428300091231063,4.15158016101031,2.68816968322616,0,0,16349911.3667169,-8447562.09860304,34344.8340451475,0,-146.478533174563,97.6204185478316,0,0,142.359503966047,77.2365967733361,152.269214396931,1254.45528834708,699.582966347303,0,0,0,915.514677662903,915.514677662903
-298921.216160150,740083.863646776,9.87908044682894,11.0979239708606,8.27300254758060,-10.4618347552602,-154368.038135433,-154368.038135433,5.67082899437942,-4.36577637229194,-5.10172642393524,-5.18266698115552,11.8379566625392,-10.9483122921293,246,-102723.017401498,-179650.151466025,-2.37074088260434,0,0,-1.80429717190125,231529.193687447,-211384.379889227,-0.122815881264667,-2.06586473753962,2.34902907698145,-2.97799693368188,0,0,9821547.34556870,60069.8643979952,4049248.36535115,0,73.1174121000359,40.7635069262546,0,0,-151.016965793386,273.214556540011,324.245329803472,1032.13948347564,880.399819675803,0,0,0,995.192631972057,995.192631972057
-55538.5002287805,713671.417865222,1.83549805766344,-0.153714569485137,8.18577018879212,11.1387435267094,-59516.4801522570,-59516.4801522570,-0.483761120997102,-12.2782494416650,-1.96696675762631,-4.57535292633997,11.0754504324955,-6.23462143619550,246,-321386.094490940,-177951.611390393,0.758845488540537,0,0,-4.93108305987325,287599.386969633,-229299.282620867,-0.895461007688334,3.90044892894367,0.903766668718766,-0.954487279411425,0,0,-1142163.08063209,16760817.4063786,24871652.7866018,0,38.6367080514706,131.507892214618,0,0,8.94723051170274,18.1344546430953,133.821845030454,1295.97468368204,1005.18826159241,0,0,0,980.487864401031,980.487864401031
-317511.417212983,661578.214307279,10.4934700645444,5.37253887108379,-0.188570734099502,-6.97816540701588,-279768.040395459,-279768.040395459,2.41417204782477,-7.74242137579618,-9.24608501538302,4.89288888080716,6.16460310351354,-7.92546179397046,246,-69470.8556469979,-158059.334318991,-10.8545986686152,0,0,-13.2090953265137,95628.0917794111,-254093.637085281,-6.94512930970089,3.67130689164229,5.37232272538637,-7.71762405191129,0,0,44872618.6114036,-19979669.7780348,-34204340.3751773,0,-89.4802601906999,-190.234633465913,0,0,51.7066330986172,68.7942357031131,106.415472750340,1137.16721768162,469.045333538627,0,0,0,809.859519321034,809.859519321034
-200880.089153837,420329.255266160,6.63890835989942,-7.33235344654902,3.63969702001023,9.11883545045817,-170286.194646718,-170286.194646718,-12.2022814010241,-3.91188361640511,-5.62780734505646,3.64141029438413,-11.6753696182382,-8.69565862460827,246,-294402.912967711,-138874.626144769,0.0987180745194101,0,0,-8.86432257280835,-256572.223606379,110286.383833997,10.3923928139212,-2.94588120501726,-3.03864452288413,-0.375514849426898,0,0,25092778.4086189,-9251048.83662480,-42647496.5831729,0,-84.6180705582713,-164.256734114651,0,0,415.358983071371,-98.3385685322858,269.112848479641,1134.77403168018,808.937705654981,0,0,0,728.326305784454,728.326305784454
-335591.524578628,587701.548998219,11.0910015393823,0.418842431744176,2.53753022499496,9.95094455183463,-148965.974194071,-148965.974194071,6.81209107402265,-9.16163311782727,-4.92319301322198,1.59437017064717,-10.4309414225879,-5.85358128064346,246,-273261.969315075,-165067.253054376,0.568979376656216,0,0,-1.11455320980755,-248974.937718922,-7342.55127480205,-0.188474953642747,1.33589863234501,-0.118681746291501,-1.21310618328122,0,0,19132222.2898856,-24152826.1833409,-25942069.5653076,0,55.8480807463402,4.04404688970112,0,0,118.292977814382,42.8748541621674,724.811108983591,1198.60046126169,800.215269352913,0,0,0,815.157738444601,815.157738444601
-284622.912369048,237726.909246245,9.40653421802659,9.57472067178329,11.4148646823024,9.54270884693110,215870.898223972,215870.898223972,9.90331065130409,-7.37005929810345,7.13434127252205,6.24141303022713,-10.1792424203285,-10.0345052706056,246,-314253.235236822,-226020.675873864,-0.810369570539343,0,0,-9.83381516782013,-31087.5668992720,132071.656052836,-5.99234946793835,-2.99705847865073,-0.756972103311317,2.94710060729808,0,0,10787220.8983880,23849230.8529959,-35109884.8803807,0,-19.4379265357694,-157.805301737676,0,0,343.631356688620,-15.8906827417740,72.9246404296153,1182.19712170965,953.970715045962,0,0,0,763.621558629240,763.621558629240
-327479.256655528,1020739.83370406,10.8228982965010,-5.06351973040671,-5.24982395406096,-10.6866920906899,-213966.206735546,-213966.206735546,0.392900207912005,1.17711968283328,-7.07139291214046,1.70667963609143,-8.92502302874266,-10.9144558225875,246,50236.9373412071,-40911.8988256206,-5.49411112216649,0,0,-2.82058171818178,-174039.634291193,-85823.2046248769,-0.517813997753083,0.275650007395738,-2.55256328986489,-1.01684890208700,0,0,15880859.5657187,-8892594.41369802,-27620210.9504447,0,-168.624475592197,-40.3797635178039,0,0,181.421514404683,-130.627247682414,384.059714211391,1019.58141882635,738.224791008085,0,0,0,928.380665730432,928.380665730432
-205232.197935370,869518.945050081,6.78274168601263,1.49980941997286,-3.03743493674428,1.93384548826170,134911.150066012,134911.150066012,5.40876141504665,4.70831814196749,4.45869357082465,-5.79894792382342,1.52755436527909,-11.2848649199304,246,-112668.439323137,1195.95973454119,-1.73479934301970,0,0,-2.70544120308329,-2701.72118188586,-196828.702013651,1.13230459752769,0.00497921115566316,-0.306430997716786,-2.99846813061927,0,0,18213745.9223764,-3971047.38119481,558900.143339768,0,28.0366293343953,105.160975403563,0,0,-188.318134774755,-105.784503477192,261.205714281782,1051.08828430780,953.783235501632,0,0,0,881.823246877782,881.823246877782
-163869.648422751,860881.081202213,5.41574619679923,-9.56081123467067,-1.32540802627054,0.0799952040140894,-206222.076251761,-206222.076251761,-1.30912104309221,-2.58660968023061,-6.81545628434665,-2.12790974110349,-0.0798315422931850,11.1381768417960,246,40437.6671440704,2295.34560665214,-3.81059540241475,0,0,-1.70244819504919,-15803.3006789964,140154.132209337,0.804181622573985,-0.931704839964274,0.154549005024806,1.16537002535887,0,0,7164088.57745217,-4688054.55188912,1392262.10328551,0,74.3994647629970,4.22075319906395,0,0,-34.3272344826672,4.99048170479058,237.235430064346,1013.37174467546,943.891474012697,0,0,0,905.967375319508,905.967375319508
-360188.440979180,548153.341954705,11.9039077592432,-5.24556353513291,-5.83685861595140,10.5580300008411,55191.3374266148,55191.3374266148,9.93786896838839,9.61127570830855,1.82402463568692,-2.27522716618522,-9.30022247978140,-4.08927920859433,246,-235243.578198507,-132114.895957016,0.740082571436040,0,0,-2.48137196630627,-225253.090745481,-26279.1035727546,-1.11045251097965,-3.54201314540490,-2.68813248445386,-0.465352336153950,0,0,25933440.7395210,-18087698.2194617,4681358.43622644,0,37.5118689940348,79.2442695518704,0,0,75.1754561172791,-134.228244213032,464.477589245467,1056.61215796520,877.622521431962,0,0,0,609.542183899726,609.542183899726
-294749.144866399,270225.639755928,9.74119719962981,3.24751013125923,-7.20628759839147,9.60446428705740,1003.99345543832,1003.99345543832,9.84711059265343,3.69551515080085,0.0331810911308850,1.99542334690848,6.88893870035210,-6.99705161271641,246,-176977.174362423,-122195.136996368,1.33395657826743,0,0,0.912118928484389,43655.9254899094,10911.8150521641,0.538816352098759,1.52913995014228,0.516062385941303,0.0339411576458007,0,0,23918353.6544067,1039176.71909230,-8654648.93331446,0,3.16153466633747,91.7287935148593,0,0,93.5790289925892,-40.7578567586788,26.0768157514926,818.777580727186,777.174949875998,0,0,0,228.424581872877,228.424581872877
-376129.467323806,803697.781211356,12.4307445080245,-2.62156611047861,1.53368908817316,7.60381108487716,-332464.864924796,-332464.864924796,-7.23143156164896,-12.1973022925474,-10.9876682174895,0.578741105331813,11.7033839265921,-7.87190273237987,246,-412884.283619295,-241091.746441678,-5.52142031305419,0,0,-18.4566141093851,437.109467535760,-249957.556062358,-5.87186683502721,12.7815802470996,2.20090864143121,-6.98735387692652,0,0,48953008.8582907,-48884133.9097199,-23866592.7454371,0,106.522711023769,-139.864953414348,0,0,-22.4432126494266,-350.365213702043,309.069606757256,1306.22571976630,1053.97808551343,0,0,0,922.010924903441,922.010924903441
-217109.194216918,837489.398545740,7.17526585421768,-9.06809088777591,-4.18320182610587,-6.84450807952277,53243.7336437246,53243.7336437246,6.18562084799441,-11.4395889462664,1.75965806212323,0.458735232312858,5.98217624221937,1.28721133013216,246,-90293.7929779463,-18425.8641014007,0.687986591472850,0,0,-4.56553767729671,33822.2486504132,-9977.69020281466,2.34591794716467,-3.94762195981179,-0.324159266778233,0.100397517295851,0,0,18458988.3221730,-989450.396332473,5080789.94720604,0,-6.01258553400807,-95.9496217264285,0,0,-10.9507769532121,-3.26247504259877,303.264012747784,953.971635321245,663.184250756089,0,0,0,843.157208171423,843.157208171423
-232681.524253826,420841.153905443,7.68991751780772,-2.62448245763304,-5.89379982568556,10.4415452290406,-139770.231305854,-139770.231305854,3.75619191523054,-8.34560663645483,-4.61928188597576,2.41913889646041,-4.36510274589973,-11.4079669671682,246,-208852.217481625,-157031.050693346,0.0443170877603145,0,0,-0.294412316874695,-27687.6084241057,-100074.742645140,2.00002610512308,2.16551601701946,0.970450459558035,-2.90048270196114,0,0,28810031.7515992,-4106218.08474991,-13672883.4465996,0,25.1254015903598,113.871086696836,0,0,33.8501290879234,81.1507214624765,508.285304155559,1007.61765549167,555.526261367483,0,0,0,492.449549476745,492.449549476745
-298264.430074883,1215742.34368608,9.85737425060754,11.1560819199476,-7.64032349829638,2.74020476923042,-275638.419926168,-275638.419926168,-1.34306423770685,-4.27135898301777,-9.10960473019260,-4.84210747182820,10.1023929060473,-1.52562943183301,246,111928.493324358,-153842.797012066,-8.12722454289281,0,0,-4.28704269124489,240710.008672441,-82733.5979002010,-2.83891104154379,-3.08064544569775,2.87514916428472,-0.835062111304641,0,0,8087048.98210637,-9182159.15858537,7110389.75910505,0,90.7934686910689,43.5207415971372,0,0,-51.9330739175039,100.026487037804,345.501921923404,1191.01957660102,1092.51029863069,0,0,0,992.250691748121,992.250691748121
-101024.063466453,209486.834689130,3.33875548504371,1.86365992630817,10.0939162004744,5.58531960943519,77457.6654192914,77457.6654192914,-5.79749467844069,11.4386589254250,2.55990698060980,3.30690826948167,-4.43063348080606,9.85226806214131,246,-201872.446590805,-141670.805722286,1.10304784693116,0,0,-3.36409696602694,90027.0725922059,102712.939848831,0.239832811443494,-1.80508664148251,0.624774093302487,-0.507768506804144,0,0,9254584.10764027,23583548.2718587,-11911373.6084860,0,15.3377243621081,-100.646207357218,0,0,-62.6190856545392,162.223606194205,361.013734464629,1067.48586348623,547.731179839717,0,0,0,717.571286412077,717.571286412077
-186564.295695335,149520.869726086,6.16578411313819,-10.5198716201497,7.99901373302427,-4.48265726522861,-28927.9997700487,-28927.9997700487,3.12320303216478,5.87562030440662,-0.956044674798358,0.277591423691559,-1.96968009513581,12.4295404152380,246,-43997.2937978689,-37105.6313112326,0.229955147031826,0,0,-0.825430039789853,24540.0170374759,26113.7141011383,0.914078552555870,-0.479317189668717,0.384543448741462,0.245672325028250,0,0,1714191.60236958,3520193.56500058,3347740.46260283,0,-5.70403233351818,6.59104466909722,0,0,21.1211909083823,38.2195564410224,220.190193929858,688.892772262383,601.588884263783,0,0,0,625.743579479593,625.743579479593
-156770.838473372,1037483.99609099,5.18113683896398,-6.95232686987721,-4.82881218983259,6.31110284657772,65380.2293827814,65380.2293827814,-6.48523476968216,-9.27099564065527,2.16075845669844,-9.00626387902677,-1.38664982443928,5.75258437392099,246,-344821.898485698,-91667.8038351309,-1.79011042803717,0,0,-6.49121996843079,-11315.9166867537,166801.636412942,3.25093705345917,2.13747051992589,-1.97353632461736,6.36712274499193,0,0,38612610.6154128,7415737.64807219,23399644.8546493,0,-6.92727424695137,-77.6327701010292,0,0,80.3358235214392,3.41996077289997,260.981681648946,1284.30649225829,872.156732645693,0,0,0,944.125943320610,944.125943320610
-242885.950010778,530941.530804659,8.02716471712531,-3.31232992553540,9.96026156077189,-3.03286968213818,-219742.818768304,-219742.818768304,-2.60639051138652,3.60029110657567,-7.26230480429321,-5.37675633802760,-4.43235459441767,12.3980457946577,246,-122570.164430980,-94030.2081320266,-1.75371189049254,0,0,-0.257103691365485,-48143.6208591040,86690.3025118268,1.04016709384577,-1.97677365199652,0.502751388714654,0.946100750771283,0,0,2833407.49684412,-10114983.5333706,17548867.4439897,0,-60.4757469753666,-20.4564800972717,0,0,11.7690244271392,52.2985577542266,273.278632465290,1112.97332528588,808.382443400567,0,0,0,912.315255331453,912.315255331453
-285886.605953694,235035.395857742,9.44829816754889,-9.85231176751657,5.70965458690736,11.3652646992335,-246920.551087135,-246920.551087135,2.99181065397560,10.2186617452025,-8.16050469585351,-6.62257211417240,-9.35862573308399,-12.3161122789646,246,-338143.047070157,-309584.123238293,0.617767977297462,0,0,3.17121863703493,-336346.579926952,-257012.248724251,1.58019307622531,2.44425394421688,-1.20680924902919,-0.958953846555897,0,0,41576151.5491021,-51764317.0426530,29030784.0684341,0,-24.4457715370899,2.25000592487845,0,0,83.7833577524482,-57.7359396999702,371.595298597600,1227.31736557170,656.322205451927,0,0,0,638.590733058651,638.590733058651
-206028.221463578,152624.800842437,6.80904955593820,6.69778821434637,10.2557560094214,4.26010193589898,70882.1537673407,70882.1537673407,-1.26752955355921,6.43883528714342,2.34259216628134,-0.284431985870848,-8.06222217211104,-4.11130762182179,246,-61591.2121451492,-70603.0751001056,-0.318342244577815,0,0,-2.20895557298559,-109175.922705115,-90925.4500840111,0.164583588397645,-2.01114443857952,-1.44093879490516,-1.35944748874193,0,0,-4754225.39711943,-4336445.92731040,7034424.08919799,0,-3.30027479964694,-19.9554848335764,0,0,-64.2954767618524,-91.9037923636735,525.788412804081,898.213979220848,715.895171463151,0,0,0,680.399490134664,680.399490134664
-254468.705047006,628793.565551824,8.40996447375920,2.28072497208087,9.91632854084002,-6.32520739198273,91443.8621314501,91443.8621314501,10.3438561074263,-0.449489385932674,3.02213834792287,-4.70920393198623,-8.91235845014057,4.73402968282573,246,-89910.3369978516,-61051.5718872163,-2.11380873015623,0,0,-4.14985319291651,-152386.462207714,128098.428497762,-1.27867504093468,1.75822825428848,-2.33054316123124,1.22266866697679,0,0,-13778819.0000989,6978182.60896039,6637984.28593355,0,-56.4457427458707,-28.0850662759279,0,0,133.431871311672,-50.5700551431388,405.675284254951,1059.32850273483,834.922460878946,0,0,0,963.764408214249,963.764408214249
-368573.653068692,684464.953749437,12.1810315641712,8.83793127676436,8.04790460776390,6.87848728526853,73431.5710366060,73431.5710366060,8.00800156804984,6.96410236781062,2.42684814054485,-1.69879631243616,7.47877981868570,8.51632525459410,246,-214256.659310092,-201867.051769841,-0.239541532830450,0,0,-4.18248165997118,272941.362212666,153858.906742364,-1.59168604280082,-2.96751305764937,1.61837433399399,1.03454333014982,0,0,-9314355.79821966,32773053.4782641,5986897.46188713,0,9.07234546209353,-12.8232369173188,0,0,-15.3307012806529,186.909625577976,784.533367369711,1213.22754131971,960.181792111197,0,0,0,963.316381762065,963.316381762065
-332415.319908355,881396.871915050,10.9860307987426,-2.64742201261481,-8.58639362466334,-3.44832365745251,-49276.1879902880,-49276.1879902880,-0.432470670145090,-7.07675951260233,-1.62853420550889,-7.48465579758851,3.36108501794300,1.30140293481081,246,-81771.7017719119,-3075.20556088757,-3.33181293395221,0,0,-2.76117977339451,41394.4105005525,36313.9505148278,-0.739068644656234,-2.71123836399011,0.00207735795887576,1.51270224730549,0,0,24574117.9215065,1079109.31901379,17032085.0677276,0,-197.669186131049,83.5805620979996,0,0,-41.0019050064863,10.9149186891016,174.398710766272,1031.46798592221,777.811234364053,0,0,0,788.409648355464,788.409648355464
-265629.233987163,435421.981076142,8.77881003328583,6.33507603651401,-4.13639500997335,8.94906373515088,-204182.693561815,-204182.693561815,8.08855663970079,-1.80237487460263,-6.74805649949816,4.42559786896791,4.99827573474063,-0.162880858307265,246,-282158.942015530,-170972.030890997,-0.719808350205690,0,0,-3.56612097401164,39143.3873551580,37230.3809738369,-5.71626710080795,3.32814756336588,3.70335844598365,-0.634161289055169,0,0,38748090.2393031,-20272820.7159331,-23814783.7037845,0,4.25421051217034,32.2042604073790,0,0,177.917203307098,-63.8286499607942,285.521102859860,1078.27148212715,670.189675653435,0,0,0,557.012514100328,557.012514100328
-240130.430512847,1181503.04348621,7.93609724743363,4.67519916101458,-8.82875228444939,-3.97165011279497,5133.85232451412,5133.85232451412,2.01879017308243,-2.45511280299953,0.169669255222226,1.12002512555565,7.04487325347214,-9.44007529086768,246,53605.0358672679,-79873.7304660909,-0.794103893356661,0,0,-0.938218731080659,136574.551048411,-106732.294789434,0.754137547341974,-0.812167754594792,1.14467322104218,0.183888669348879,0,0,9770671.76524663,6939871.60769706,5117790.27865520,0,-26.7442365795351,5.13227969253963,0,0,-60.3568892785225,118.026420091086,679.081671603861,944.118309830963,846.242575660256,0,0,0,956.223120857961,956.223120857961
-314106.995006992,366175.109480331,10.3809569372395,10.2001145237662,-7.68918263572079,12.0391918790989,5911.79796265399,5911.79796265399,-10.7763953439007,-0.864262944159918,0.195379666952674,7.34641333861746,12.4197653259304,-4.28528060624308,246,-299711.187470880,-215874.632853912,-0.726814838057696,0,0,-4.01164773406131,76475.8283279218,-24348.7761352992,0.777088658553871,7.16527232550382,2.50059269586994,-3.12517242478716,0,0,45075270.2535910,-13813586.7934618,-19870717.6133082,0,-1.92104211797427,10.7471031316541,0,0,55.0160387989544,-222.497685125325,406.628889900441,1086.93168365129,526.347631627828,0,0,0,365.398168151800,365.398168151800
-295683.495988329,362054.092857011,9.77207667355174,9.76404343042253,-2.35265507612419,11.2139223936543,-179423.408515221,-179423.408515221,-8.43135046254346,-10.3043038030475,-5.92978414023468,0.272931517414371,6.89766060851308,-7.87368657483408,246,-268018.118209230,-213127.576544807,0.357979888444083,0,0,-5.00774006214547,10123.0139015558,-94988.1831946321,-1.15147001768037,6.48766220739183,0.569671733871282,-2.63069772750887,0,0,29922654.3590585,-9838163.15723963,-7903971.20368516,0,34.0843577788790,33.7378685465104,0,0,76.2755961182709,-46.6959419903774,190.380262896077,1050.90247322652,843.257361630677,0,0,0,539.321291591242,539.321291591242
-331414.642898130,604278.574283595,10.9529593131777,-9.73228239552221,-6.33016458569324,-4.11271166301222,104110.222179535,104110.222179535,4.93630118480978,-3.60156219532501,3.44075028685090,-2.05802663999574,-10.1919326583645,11.4016121316362,246,-63593.9734703326,-68016.8342323158,-1.42820533692407,0,0,-2.74431925247565,-86427.9952984525,127091.731924759,-1.37746890312617,0.458101707078866,-2.02273656837279,2.16843141499769,0,0,13266000.6360936,7226672.70624753,6145160.30594522,0,-34.5857043975718,-83.9100081620324,0,0,104.956655600522,2.87840433331520,310.582153750277,908.645750495068,563.317815425612,0,0,0,642.448795041044,642.448795041044
-173999.656627607,655877.622467923,5.75053396217881,-8.42404692912453,-0.310113953461002,5.47503626735421,-176531.944608328,-176531.944608328,0.389419387644583,8.24413210540055,-5.83422382868426,1.81585883359100,-9.32332918835132,-6.21248962088413,246,-85918.3635606450,-52642.4910972667,-1.37947712544091,0,0,0.307875350002247,-106873.011657666,-67868.3653762571,-0.155759810253962,-1.18355658642089,-0.0229836868354567,-0.0910883219656646,0,0,7902547.00943227,-8688968.42824273,-1937111.78097606,0,-54.1838534127710,78.6076127936053,0,0,24.8447743192913,78.5350611132619,304.048655690553,1057.07416810039,873.191625616199,0,0,0,804.048626927563,804.048626927563
-275394.709184395,887235.456333458,9.10155030684099,7.44944044889590,-7.62592072306363,11.6811651644289,27023.6886767955,27023.6886767955,10.8390057360876,-9.46263239741802,0.893108886139053,5.56566634554784,8.63289735827119,-5.24783515673646,246,-255262.289032318,-273360.590551131,-0.811724643595872,0,0,-4.64899907129127,288250.476283148,-156876.040413588,-2.45864523121150,3.05862017898883,4.15618574439332,-1.51826120416608,0,0,28585892.6211464,21772948.1464529,2957862.11241039,0,-30.9494005922788,118.565161419075,0,0,-64.5547715524942,144.680924572271,475.585474569643,1204.66989471922,945.122428463594,0,0,0,810.240919168489,810.240919168489
-344555.172662794,121981.461061444,11.3872421396918,-7.63565880207887,3.44477352742669,4.19114965565728,-165248.940126594,-165248.940126594,0.443274315101846,11.3751798033864,-5.46133056139182,-4.68348595234217,-6.15238757317160,5.95550368634568,246,-193311.705435214,-93689.1038210985,1.13134130567215,0,0,1.41491340471195,-48577.4526463346,-6159.87343197664,0.539133690432939,-0.00608358481313542,0.00745400438393795,0.484674844952329,0,0,18658645.3070353,-6435503.51946002,6536423.74603501,0,-48.9707944856793,44.2146485227900,0,0,144.554810082475,173.686079210729,84.0754165271234,1062.19760864473,509.741463215614,0,0,0,475.618984539432,475.618984539432
-245302.518854396,705359.501160877,8.10703016902623,-4.85705832896213,-2.09792462733940,11.9491658042323,-183512.070391996,-183512.070391996,0.578518037042278,2.41611838623953,-6.06491078035549,-8.35725887662674,-9.54726180215642,9.74253238065337,246,-255918.361782910,-182569.323492854,-1.96550334942451,0,0,-0.214995802052668,-190557.332293204,73690.7886026042,2.81265783961257,-1.10167863389323,-0.391525935816302,2.50462787257097,0,0,27256023.8746642,-20755753.5476718,29343128.6905695,0,92.8443599543908,211.725930646108,0,0,-121.934861991428,72.9654148716979,300.460729592046,1212.18154055195,968.411593182104,0,0,0,801.174449035191,801.174449035191
-318331.600591186,665000.031483085,10.5205763960336,-8.29871760788257,-4.18499420103894,10.2874526756703,-179755.366452457,-179755.366452457,7.80398605396427,5.91836855490495,-5.94075505494273,-8.52352846753342,12.0466355478545,10.0736736931446,246,-307971.852195146,-206908.473143270,-1.94134713846911,0,0,-3.28489954513108,131517.913746740,253058.991744591,-2.63028066434299,-6.58698057989706,4.08811180493899,5.03853859770333,0,0,30512205.9805537,-30996358.1395992,8837445.09988947,0,211.328247637242,163.104140060187,0,0,225.284322575013,-237.296499184573,302.276706939204,1225.46031184584,861.879027318811,0,0,0,733.737335119352,733.737335119352
-74667.8564016172,549624.050501759,2.46770627277471,7.74683959838541,5.11060121807449,-2.95954113240451,25160.2018827928,25160.2018827928,10.4947211930289,-1.26866244112277,0.831522304276316,-2.42715733879410,11.6360738476410,-2.08346980010365,246,-80835.2175328677,-94845.2065165328,0.394563253935589,0,0,-2.32174196708025,224333.533700350,-6187.71084347693,2.01566488494163,1.03051893355968,1.68303176715380,-0.431438357690418,0,0,1824460.24934044,20262256.5122340,-968068.265648049,0,3.13799008825318,-69.9868890003720,0,0,-17.3684227331568,220.491470007422,241.290987117169,969.110138329571,617.544788071294,0,0,0,839.202372588553,839.202372588553
-260536.273186833,575572.632210868,8.61049220658447,11.2603577385288,-0.564720643978951,0.657908158135660,36772.8848049609,36772.8848049609,-12.1733926861072,9.91815295840123,1.21531115093400,-0.893435053478052,-2.27228403444663,3.16041668708258,246,-154276.699194641,-101149.040289623,0.935842889890603,0,0,-5.54687831462114,-6710.02122179614,66393.9166519014,-0.891931370934008,1.78455651087704,0.314541378838550,0.930133273941833,0,0,14040786.6726937,3182586.73586821,-4460473.60713858,0,5.07612652267638,-23.7148370062358,0,0,78.5160912773172,-7.09453085021026,292.734155184555,1027.04711587072,733.033479843955,0,0,0,747.318750577926,747.318750577926
-157035.948378389,1246878.98481978,5.18989848563650,-5.90405407949811,-11.7655229282355,6.22568495464325,20363.5751932885,20363.5751932885,8.75221463525318,-11.1694105254348,0.672998056490465,7.03396557418379,1.34364080527610,12.4672264731050,246,-127399.519064005,-34790.0990053644,-2.63238962061812,0,0,-2.66792251693881,-37745.1161382575,161896.952557770,0.879225629530442,-3.52503623099019,1.64630035269236,2.55304099167101,0,0,43204573.5056413,-19448264.1469364,13921671.3783354,0,39.3290164395036,30.1191480856782,0,0,-70.3857803790045,-98.7229597917482,192.478423744601,1237.04997379112,951.441249012572,0,0,0,943.863227410217,943.863227410217
-327096.585276615,1012919.46181397,10.8102513476309,7.93784680090710,-3.55704788127823,9.26598538540293,-280583.479176143,-280583.479176143,-4.90117212058004,3.53372189846534,-9.27303454214233,8.92656511676562,3.44045513497834,10.3525475948790,246,-329275.776919440,-134351.924547558,-9.00917120154890,0,0,-3.96692091618899,43153.4990200295,421075.505033767,-2.39153054370482,-0.586931194617415,3.66616965139491,2.69466916515540,0,0,58905648.0958940,-18165070.5104245,-24346925.8828395,0,272.216959728659,424.545871585283,0,0,370.262745688705,-32.0687017384655,225.551584145852,1304.98282473282,1127.67923906686,0,0,0,951.467449270994,951.467449270994
-156382.629008327,917413.284639432,5.16830686127063,3.01340900557703,-10.3859090927207,6.63295232499187,-110217.085245575,-110217.085245575,10.0771007766483,-2.35255854207033,-3.64257668205351,-0.711175392515239,1.48267078477121,-5.21515602348028,246,-73612.6365336091,-114104.037971407,0.175664168976906,0,0,-1.89332967498151,49853.8779889914,-31966.8686011291,-0.966470136430304,0.382368296107338,1.40762310890814,-0.134614495714907,0,0,16399873.6509539,-536920.511242663,-5818487.87934463,0,6.64030262772187,-48.6340702946899,0,0,89.8322818671069,21.8752575891916,491.771599257556,1082.03444310270,712.628973339369,0,0,0,776.631474582306,776.631474582306
-341366.124180360,636934.964683052,11.2818469224787,2.06092104287046,-3.90507687023113,-4.11790899624833,203777.726891616,203777.726891616,7.93376242622089,1.33788345251862,6.73467271107199,-0.441075596908631,11.4791493356457,2.65499004843796,246,-43583.1043731745,-82214.5977538609,-2.56075680042765,0,0,-0.626323164479203,129682.791478586,13533.4052005736,0.770354715085749,1.18204107902187,1.41248487099822,-0.272308201883358,0,0,14283231.8655608,3760786.28470903,10585293.7811157,0,-111.185673208317,59.0730515425076,0,0,-73.8800649001109,-133.175346617293,366.533930934283,1032.87766780005,519.518782975877,0,0,0,720.260472845483,720.260472845483
-294240.311932655,413067.211808614,9.72438072353278,4.61860692294930,11.9747006167665,0.898813657156390,-174911.396647561,-174911.396647561,-9.16777677425025,-6.04396147901341,-5.78066615928221,8.46633858070934,-5.80222733458425,3.13536607308047,246,-453206.630588135,-135914.026275267,0.0514508676628536,0,0,-1.31760855161070,-223618.055292598,187061.834169410,0.921941383831160,-0.730332127538798,-1.77402410739858,-0.838026282169734,0,0,25424848.4258471,-6335928.47215253,-24582153.9606101,0,-12.7862490569856,-65.0378858331064,0,0,-40.5631153634637,126.303806883239,366.274360958713,1234.05685920809,732.540372968629,0,0,0,880.566694277460,880.566694277460
-266525.199582581,1015506.65764966,8.80842089968211,7.40287829244004,-1.20062553588486,12.2266946312617,-194452.179097633,-194452.179097633,4.03981875009508,8.17338810835135,-6.42647164708945,0.502303088951727,9.97752588026492,10.9831150778582,246,-185418.891006427,-217988.503621719,-2.27187246064549,0,0,-5.40386055096517,432127.370720666,207617.317320061,-3.92764589322099,-5.83490161917039,6.37534617485008,2.08342431290864,0,0,6390151.96074856,11230523.8193199,10539422.1309389,0,-116.385354465509,82.4839852144208,0,0,-132.245360179545,214.217973865288,614.159664538370,1309.55007696362,1067.33491192736,0,0,0,989.534299650526,989.534299650526
-210755.647712635,-45366.5507645629,6.96528679068793,-6.08188564411385,12.4902009815128,5.91009762770625,-149798.053958589,-149798.053958589,4.42687901297108,8.20830057851178,-4.95069250970286,1.08004081283544,7.44996067109952,-6.25366275785550,246,-111225.048065167,-58361.8324710174,-0.629909155526192,0,0,-6.89215922473967,16529.0779941876,-84645.1612468884,-3.73864369440341,0.991508413210509,1.13877243124012,-1.00595208780256,0,0,2009905.08370510,-16350192.5311082,2749773.41899921,0,-69.6872040625576,-79.8790345018800,0,0,-137.328838283448,-59.2290581373638,268.642310039606,954.616644288192,678.843896809996,0,0,0,576.681845157320,576.681845157320
-118679.105517022,726775.858945142,3.92223892911037,-2.95932330390813,7.87657931333773,-0.0871599729595225,27065.3389296301,27065.3389296301,-8.06896111017832,-4.88440807177331,0.894485389967285,6.43448394949127,-1.96792361363257,7.58884151871111,246,-190329.017972310,-53964.3885593620,-0.119900861062859,0,0,-0.472913983232540,-37304.6036959401,216469.548583600,-0.864380086680190,-0.691248024777900,0.370766320263254,0.356683313133220,0,0,5296767.61502458,-2198046.22404893,-20883076.3345144,0,-25.4826123991083,-86.7184053390551,0,0,40.2308333144140,14.5765756711460,290.167470322877,1169.05846480568,843.445063272800,0,0,0,982.397778808622,982.397778808622
-364828.894936252,273731.700602225,12.0572706370630,4.97039217507716,1.46652234351371,4.35087224034947,-97315.6819857694,-97315.6819857694,-1.50938961206721,5.15162476840665,-3.21619677393646,5.27662912724334,-10.6849960090991,1.63620856504699,246,-186971.367740375,-14523.8028440232,0.311619865773056,0,0,-2.25036173352233,-89935.8092804495,58919.7743523286,0.0494240578524865,-0.117382464125900,-1.20116905274176,0.265553779736917,0,0,15520624.4899443,375906.975687275,-9049112.01234787,0,21.2204141900565,13.7051281065545,0,0,190.472788486882,41.3610313580708,296.659770369267,981.350252361123,760.336310160992,0,0,0,564.008629076066,564.008629076066
-309332.488148319,287153.154595704,10.2231637301976,-8.76379120623344,6.08928385271397,2.38730831516588,-78373.2655781765,-78373.2655781765,0.416132621008556,7.37667046278511,-2.59016675187311,0.403812334673862,-2.35993372364161,7.36500810671100,246,-73202.1147073238,-26119.3600236942,-0.306438738189799,0,0,-1.20513877311512,20206.9876416588,69518.1385614575,0.138389594008296,-1.05566267566228,0.542105158090070,1.30635275945004,0,0,2014070.94503056,1216739.94145113,2646100.24174200,0,-22.4796071090669,-7.79968467725027,0,0,-31.0277488187342,82.8352816857105,521.584427086500,906.662074699229,782.211163844138,0,0,0,686.587725939754,686.587725939754
-331337.281037181,46606.0527577343,10.9504025724496,3.91185102118829,3.27977305678315,10.5459809540323,-38936.0745764226,-38936.0745764226,-5.13389078485312,-6.98686588276954,-1.28680264975949,-3.91814010206636,-6.72406660184973,12.3270993726445,246,-257692.273844693,-153408.595021223,2.00746211829044,0,0,-2.51628024619798,-75805.2005660405,-18821.6325397527,5.48361491189663,0.500824109584676,-1.17754703246340,0.275553983422530,0,0,28224798.7143834,-5024153.46057673,18562395.5624683,0,-29.9271384355105,11.1801160127612,0,0,-174.928063568394,-25.8037489967762,369.775436817909,945.610189584048,749.435449514690,0,0,0,381.897140484030,381.897140484030
-379774.165565804,332562.531255468,12.5511985447090,8.51988215585933,1.96359180813583,4.99767085188959,238026.693288829,238026.693288829,5.83220646755885,10.5254574115923,7.86657060244660,-0.197389214665099,3.80991403315872,-6.04071304301443,246,-461555.376600765,-136275.646934028,7.38889362439920,0,0,2.32854796168261,222070.355207911,73910.6139743906,-2.13525750787300,1.77016744374418,2.17871162918572,2.79356586553774,0,0,25757739.8492226,33680315.6530975,5947410.50778609,0,51.2909143545594,13.4637908148177,0,0,-118.003172079939,120.964560514220,235.099848407052,1126.54790189813,722.190453263221,0,0,0,626.080579626969,626.080579626969
-318971.823246091,813930.621323994,10.5417351856068,-9.30442055129062,-4.10453414194541,4.82252112118521,-118139.417382363,-118139.417382363,11.6064096484179,-3.78712931813462,-3.90440271605405,-3.23756089425303,-0.986435231678096,-1.15067127545508,246,-74367.9756117391,-49173.0255104506,-2.28220500693946,0,0,-3.20608693634047,37251.2443454504,-24310.5390397414,-1.01183999031856,0.183372939011965,2.08289921644803,-0.899637467500262,0,0,13341403.7020209,-4328736.85044423,-157577.074937326,0,-17.5847997174654,-100.996546044420,0,0,27.3044311650322,113.857306043189,538.979489757311,1129.89804804461,861.444194258562,0,0,0,830.503237354924,830.503237354924
-301168.277899301,649889.641701025,9.95334383962260,11.6486870517391,-9.84733555615794,2.39171189836676,-165800.825278801,-165800.825278801,2.92984703727338,5.91823033218018,-5.47956987503473,-3.83315308530416,-6.68629503352437,-2.40528335761399,246,-29873.7539177239,-94230.6675954374,-1.54404513319439,0,0,-0.804044425532250,-45058.7424483262,-41735.9516330477,-0.280194221302506,0.362125344783471,-0.342850544405246,-0.240540529762951,0,0,10314872.5369089,-5055103.14008943,5635698.28397295,0,-0.393119306308735,3.06866177579289,0,0,18.1723199791041,105.050189149953,446.068212032557,1008.83502160330,483.948723860822,0,0,0,593.236009057777,593.236009057777
-366567.063671585,898255.242853347,12.1147155684971,-11.0911640111257,0.918575734989544,9.77617844236196,93041.8142724478,93041.8142724478,-6.46410505203095,11.1110124540649,3.07494924556969,3.03261140981713,5.32245845351261,-4.69500102395666,246,-242420.196995746,-82637.0229871796,-0.582213644931209,0,0,-5.38055275495950,22511.0050867539,-70084.1328911025,3.55721971199055,-5.41971270542145,-1.77572886746634,-2.48227435617426,0,0,13224354.1642787,-4088672.65529981,-19623785.7237606,0,-58.2219751750677,-59.1437863626758,0,0,43.1806348867044,-153.331467690633,801.316651019549,1295.50503986249,925.422429669916,0,0,0,962.314661346620,962.314661346620
-363439.195477183,-255165.356711514,12.0113423054129,9.21798846910246,8.63414031924445,9.94316302081417,-166242.339531802,-166242.339531802,-3.48243673009071,6.76620170603259,-5.49416152858093,-7.87506771931443,7.98427137355538,12.3230764413313,246,-416387.000939883,-209283.383740081,3.64684209761939,0,0,0.352671824333426,-128149.829346585,-106762.780450726,0.295153921510305,-5.35156877398149,-1.71540159965070,-1.29336441739091,0,0,41441118.8245829,-19245918.2498766,20153843.5486302,0,13.3225253976580,-203.898447359733,0,0,56.1100936448105,-83.2764841422535,179.412626722423,1104.70880406767,296.987094073569,0,0,0,78.0157744830116,78.0157744830116
-251347.050436150,969163.977916525,8.30679656408717,-8.72329445133562,-1.16176444491268,8.57883554054099,-284542.817042792,-284542.817042792,-6.94288976718828,11.0428896372515,-9.40388713870024,-4.44095748867078,-10.7791385686418,-8.28711315439887,246,-140362.284453947,-219957.633990982,-4.93845452627076,0,0,2.03973266554983,-183801.713057976,-183529.245844489,0.0776751186892168,0.0401113985792227,0.515479809542452,1.56372893539534,0,0,27131631.5516729,-16687026.2441776,26222988.7765780,0,-120.997437102608,110.978085737106,0,0,131.276403437014,209.177767527340,352.073161062879,1345.47066970141,977.561607961788,0,0,0,966.442605301710,966.442605301710
-241103.206044479,403551.680114421,7.96824661393610,-10.6700724408448,-9.68120061462261,12.3347981654453,135507.517436402,135507.517436402,10.6177210329923,-7.27727549647050,4.47840298223288,-1.05636059235615,-3.75645719475623,10.7437712372627,246,-276195.748777974,-223797.402159272,0.718974788231993,0,0,-1.17028678826802,-56567.6047066235,105901.935800462,-1.34841193150452,4.05839876340832,-2.30462197872200,2.44373825620431,0,0,40201415.4047038,5531663.84505722,8158547.27594482,0,13.4613310000747,70.1796220442451,0,0,10.6415394648520,9.16716700530190,305.112769984447,1008.75210708592,582.426189096530,0,0,0,332.592711761953,332.592711761953
-235592.441893504,161059.386296661,7.78612075793191,-12.0737321221332,-4.85223839526251,11.8255227937045,-128025.266108580,-128025.266108580,-6.26353391742367,-6.27096611906016,-4.23112122772753,3.33760427484922,6.31139440653682,-6.71629601169599,246,444.545704416727,-75721.9211334727,-4.21769341952371,0,0,-11.4169317539659,-175524.459136770,-314753.919441098,2.16579826576959,11.9920549426034,0.853501245826208,-7.45447498401684,0,0,11379686.0055015,-52963006.8004286,13612736.0250903,0,-185.551188637328,-333.873568667197,0,0,-478.793320069403,-898.031824946920,153.964925228530,930.042252347976,571.502533400613,0,0,0,119.332966663902,119.332966663902
-362661.645880509,102400.968112713,11.9856449825008,8.58441935796022,6.91330404059335,3.50290302727481,66320.5139427220,66320.5139427220,-4.08868744402554,11.4520227889614,2.19183402547168,-2.02972563093178,-7.75350290349246,8.65144191141562,246,-145989.927421386,-76745.6358195530,0.287343621023887,0,0,-4.53005836725135,-51288.3725051220,27356.2579066135,0.898062688481851,1.04133860608308,-0.777616271955276,0.544414497396421,0,0,11522066.6510012,5076551.68345566,7586577.99188853,0,3.00569135605833,-91.4384705222394,0,0,4.82321262300201,-30.9112575068749,70.8414858452353,895.703683646807,867.852988639397,0,0,0,558.196848587474,558.196848587474
-265153.568332532,135157.536306358,8.76308970627709,6.87436376194224,12.0432814283226,-7.60478958066885,-29212.2136143042,-29212.2136143042,-5.24027124497071,-4.28475837231464,-0.965437689678902,5.81374252592380,-11.8158958483098,11.5633625556304,246,-157831.457526806,-138826.864355109,0.968877972283799,0,0,-0.204791857963977,-105899.229064860,101081.624765890,-1.73039289077527,0.915267979095836,-1.29328885948237,1.07793438303102,0,0,10702723.6911588,2071765.94244254,3543624.53447944,0,9.92057247612784,52.2189401725589,0,0,7.09117698143280,-46.2914492561651,211.120087160017,925.815661230946,409.286760288488,0,0,0,706.797811092071,706.797811092071
-341627.415177132,968052.779947257,11.2904823576288,-11.0193377673492,-7.47257986860756,-3.46736358128006,232169.953751256,232169.953751256,-5.93897613587195,-0.771454869325954,7.67301056749473,-4.21979454446311,3.35291765608355,-2.53063660416136,246,-26679.1731058016,-17349.6709143750,-8.18570790173770,0,0,1.01839010826558,140190.753676627,108205.193905834,-0.305580479117631,-2.72101680928698,0.908842946694442,2.63669888430930,0,0,43566926.9784901,14787590.2309007,-4742663.36161524,0,251.967526200308,111.949369931154,0,0,365.513035831402,199.584266603163,254.604573459602,1087.02631796229,843.130516388878,0,0,0,861.363720087472,861.363720087472
-147979.713216534,180823.804207336,4.89059796472120,9.01053816718191,9.22927083691998,2.45243050642942,88697.6745660875,88697.6745660875,-8.37825383131966,1.77945659009551,2.93137929030628,-3.95068303675160,3.17409012940353,1.85045909619814,246,-141392.381981514,-59424.8982825493,0.768378191707038,0,0,-1.95620589201123,-2679.38776318332,-85427.1552516867,1.70144638433531,-0.197573492837432,0.0782027353502259,-1.00273892732277,0,0,3067849.60907562,-5773897.82585922,12153472.5648014,0,8.09215479580054,-19.2695141085418,0,0,-94.5558353194297,-119.895783561434,224.946489619896,940.940897870597,654.649659637911,0,0,0,678.294243813745,678.294243813745
-329463.956498545,52115.9285323411,10.8884908618727,-0.608990141687237,9.41515885035641,3.24678414312980,119833.144384008,119833.144384008,1.32648513922480,-1.46975506947069,3.96037888769939,-7.59134184062016,12.2027220596938,1.50386422387126,246,-316494.278706280,-104127.307085723,1.72692230979168,0,0,-0.602902523252663,195191.590878445,-62733.6540696795,-0.926247448055916,-2.62628612731282,1.52172745794409,0.0358888145343939,0,0,18221989.5147854,5296465.31331553,11361461.3903595,0,45.3186833152706,-21.1587322245762,0,0,86.6663324369100,-112.206203440802,141.548129495110,1041.44623191416,651.739046953476,0,0,0,580.516843017001,580.516843017001
-195259.648127005,641750.102643590,6.45315778065322,3.43045462369168,-5.07666728330043,-11.8928884218566,25912.5252818289,25912.5252818289,-0.0963373565728940,1.26063886262426,0.856385923783094,-3.04564019696439,-9.25490170254931,12.3659917201587,246,-22606.5821194033,-31508.1541798809,-0.669738575612707,0,0,-5.60602278142650,-59846.1193773138,64236.9610912433,-1.40767422466491,2.82445665370156,-0.811118959995687,0.931334171626830,0,0,7651627.71185712,-738208.902026621,8695575.15941484,0,58.3444707941894,-111.997554769145,0,0,-26.0509964217177,-118.240574318646,83.4078425419939,698.912158968572,389.428805221559,0,0,0,698.670382931384,698.670382931384
-161442.880561496,1295238.98637846,5.33554367643254,-8.12759388003081,-11.0175891747140,-5.23315256620606,6258.54665876583,6258.54665876583,3.97471931375019,4.35161643812170,0.206839403092268,-2.45549174038748,5.65161052451622,9.90847796340149,246,103236.945542644,-38888.6230306327,-2.30057913784104,0,0,-1.60461554599683,167567.545671962,154003.074144255,0.780548262441509,0.946517232552667,1.87604476968138,0.391691640382338,0,0,12001214.9743413,13819260.2758880,-4353425.25177150,0,28.6926178092307,1.43332246852883,0,0,85.3905152756521,196.769986101475,514.275709930533,992.836836928646,824.457006822886,0,0,0,980.749087753825,980.749087753825
-191132.021663348,465490.830071446,6.31674339557631,-7.09546328469434,-2.55414305359284,9.53745971269034,115214.801545569,115214.801545569,-12.1515753733585,3.63970137872554,3.80774676269315,3.71043425229717,-2.02338194059038,-12.0666360518719,246,-136222.776047842,-124478.570631111,-1.02549199251186,0,0,-4.92853381532161,-41647.8573895783,-274940.120921604,3.73427701646884,-1.45863250547814,-0.396557960330408,-4.67999311786116,0,0,12250693.6884275,-2829446.61468688,12824960.4907573,0,-12.7528850184527,-36.4677412017202,0,0,-191.253081589449,-67.4423155851979,328.075631994440,1072.76765279633,690.929835234253,0,0,0,623.063054237557,623.063054237557
-80248.2116365626,422581.879588588,2.65213205223619,10.3160586721096,11.7855805532300,-3.76147979078334,18270.5322547393,18270.5322547393,-10.3349497459691,7.41119563506625,0.603824848130719,2.33325059915984,-11.0806330991368,-0.965914045830250,246,-159045.743059194,-143484.702141437,0.755895353359825,0,0,-5.14886372997447,-10622.8209142198,-57780.4103790821,-1.17940990618927,-1.54094407346172,0.657060436314198,-1.07423619793577,0,0,193709.416267741,14872050.1605615,4837595.94822130,0,4.74701134026637,-121.746918605345,0,0,-76.1191092420125,82.8920810970755,369.852245389700,1036.05500977102,530.137715597649,0,0,0,882.717381707318,882.717381707318
